Workbook

Sheet DASHBOARD
A5: 💰 Blended Sales (DoD): | B5: ='Supporting Analysis'!J15 -> 6575 | D5: 💰 Blended Sales (WoW): | E5: ='Supporting Analysis'!J16 -> 44331 | G5: 💰 Blended Sales (MoM): | H5: ='Supporting Analysis'!J17 -> 160840
A7: 📈 Growth % blended (DoD): | B7: ='Supporting Analysis'!J18 -> 0.053179561 | D7: 📈 Growth % blended (WoW): | E7: ='Supporting Analysis'!J19 -> 0.098471145 | G7: 📈 Growth % blended (MoM): | H7: ='Supporting Analysis'!J20 -> -0.3455883
S50: w

Sheet Cleaned Data
A1: Platform | B1: SKU | C1: Date | D1: Sales | E1: Weeknum
A2: Platform A | B2: SKU 1 - a | C2: 45444 | D2: 257 | E2: =WEEKNUM(Append321[[#This Row],[Date]]) -> 22
A3: Platform A | B3: SKU 1 - a | C3: 45445 | D3: 255 | E3: =WEEKNUM(Append321[[#This Row],[Date]]) -> 23
A4: Platform A | B4: SKU 1 - a | C4: 45446 | D4: 254 | E4: =WEEKNUM(Append321[[#This Row],[Date]]) -> 23
A5: Platform A | B5: SKU 1 - a | C5: 45447 | D5: 173 | E5: =WEEKNUM(Append321[[#This Row],[Date]]) -> 23
A6: Platform A | B6: SKU 1 - a | C6: 45448 | D6: 160 | E6: =WEEKNUM(Append321[[#This Row],[Date]]) -> 23
A7: Platform A | B7: SKU 1 - a | C7: 45449 | D7: 173 | E7: =WEEKNUM(Append321[[#This Row],[Date]]) -> 23
A8: Platform A | B8: SKU 1 - a | C8: 45450 | D8: 147 | E8: =WEEKNUM(Append321[[#This Row],[Date]]) -> 23
A9: Platform A | B9: SKU 1 - a | C9: 45451 | D9: 178 | E9: =WEEKNUM(Append321[[#This Row],[Date]]) -> 23
A10: Platform A | B10: SKU 1 - a | C10: 45452 | D10: 107 | E10: =WEEKNUM(Append321[[#This Row],[Date]]) -> 24
A11: Platform A | B11: SKU 1 - a | C11: 45453 | D11: 145 | E11: =WEEKNUM(Append321[[#This Row],[Date]]) -> 24
A12: Platform A | B12: SKU 1 - a | C12: 45454 | D12: 156 | E12: =WEEKNUM(Append321[[#This Row],[Date]]) -> 24
A13: Platform A | B13: SKU 1 - a | C13: 45455 | D13: 145 | E13: =WEEKNUM(Append321[[#This Row],[Date]]) -> 24
... A4158: AMAZON NOW F | B4158: SKU 4 - B | C4158: 45535 | D4158: 28 | E4158: =WEEKNUM(Append321[[#This Row],[Date]]) -> 35

Sheet DUMP
A2: Platform A | B2: 508 | C2: Column1 | D2: Column2 | E2: Column3 | F2: Column4 | G2: Column5 | H2: Column6 | I2: Column7 | J2: Column8 | K2: Column9 | L2: Column10 | M2: Column11 | N2: Column12 | O2: Column13 | P2: Column14 | Q2: Column15 | R2: Column16 | S2: Column17 | T2: Column18 | U2: Column19 | V2: Column20 | W2: Column21 | X2: Column22 | Y2: Column23 | Z2: Column24 | AA2: Column25 | AB2: Column26 | AC2: Column27 | AD2: Column28 | AE2: Column29 | AF2: Column30 | AG2: Column31 | AH2: Column32 | AI2: Column33 | AJ2: Column34 | AK2: Column35 | AL2: Column36 | AM2: Column37 | AN2: Column38 | AO2: Column39 | AP2: Column40 | AQ2: Column41 | AR2: Column42 | AS2: Column43 | AT2: Column44 | AU2: Column45 | AV2: Column46 | AW2: Column47 | AX2: Column48 | AY2: Column49 | AZ2: Column50 | BA2: Column51 | BB2: Column52 | BC2: Column53 | BD2: Column54 | BE2: Column55 | BF2: Column56 | BG2: Column57 | BH2: Column58 | BI2: Column59 | BJ2: Column60 | BK2: Column61 | BL2: Column62 | BM2: Column63 | BN2: Column64 | BO2: Column65 | BP2: Column66 | BQ2: Column67 | BR2: Column68 | BS2: Column69 | BT2: Column70 | BU2: Column71 | BV2: Column72 | BW2: Column73 | BX2: Column74 | BY2: Column75 | BZ2: Column76 | CA2: Column77 | CB2: Column78 | CC2: Column79 | CD2: Column80 | CE2: Column81 | CF2: Column82 | CG2: Column83 | CH2: Column84 | CI2: Column85 | CJ2: Column86 | CK2: Column87 | CL2: Column88 | CM2: Column89 | CN2: Column90 | CO2: Column91
A3: SKU | B3: 01-Jun | C3: 02-Jun | D3: 03-Jun | E3: 04-Jun | F3: 05-Jun | G3: 06-Jun | H3: 07-Jun | I3: 08-Jun | J3: 09-Jun | K3: 10-Jun | L3: 11-Jun | M3: 12-Jun | N3: 13-Jun | O3: 14-Jun | P3: 15-Jun | Q3: 16-Jun | R3: 17-Jun | S3: 18-Jun | T3: 19-Jun | U3: 20-Jun | V3: 21-Jun | W3: 22-Jun | X3: 23-Jun | Y3: 24-Jun | Z3: 25-Jun | AA3: 26-Jun | AB3: 27-Jun | AC3: 28-Jun | AD3: 29-Jun | AE3: 30-Jun | AF3: 01-Jul | AG3: 02-Jul | AH3: 03-Jul | AI3: 04-Jul | AJ3: 05-Jul | AK3: 06-Jul | AL3: 07-Jul | AM3: 08-Jul | AN3: 09-Jul | AO3: 10-Jul | AP3: 11-Jul | AQ3: 12-Jul | AR3: 13-Jul | AS3: 14-Jul | AT3: 15-Jul | AU3: 16-Jul | AV3: 17-Jul | AW3: 18-Jul | AX3: 19-Jul | AY3: 20-Jul | AZ3: 21-Jul | BA3: 22-Jul | BB3: 23-Jul | BC3: 24-Jul | BD3: 25-Jul | BE3: 26-Jul | BF3: 27-Jul | BG3: 28-Jul | BH3: 29-Jul | BI3: 30-Jul | BJ3: 31-Jul | BK3: 01-Aug | BL3: 02-Aug | BM3: 03-Aug | BN3: 04-Aug | BO3: 05-Aug | BP3: 06-Aug | BQ3: 07-Aug | BR3: 08-Aug | BS3: 09-Aug | BT3: 10-Aug | BU3: 11-Aug | BV3: 12-Aug | BW3: 13-Aug | BX3: 14-Aug | BY3: 15-Aug | BZ3: 16-Aug | CA3: 17-Aug | CB3: 18-Aug | CC3: 19-Aug | CD3: 20-Aug | CE3: 21-Aug | CF3: 22-Aug | CG3: 23-Aug | CH3: 24-Aug | CI3: 25-Aug | CJ3: 26-Aug | CK3: 27-Aug | CL3: 28-Aug | CM3: 29-Aug | CN3: 30-Aug | CO3: 31-Aug
A4: SKU 1 - a | B4: 257 | C4: 255 | D4: 254 | E4: 173 | F4: 160 | G4: 173 | H4: 147 | I4: 178 | J4: 107 | K4: 145 | L4: 156 | M4: 145 | N4: 139 | O4: 165 | P4: 191 | Q4: 182 | R4: 151 | S4: 185 | T4: 192 | U4: 172 | V4: 145 | W4: 134 | X4: 130 | Y4: 161 | Z4: 165 | AA4: 168 | AB4: 167 | AC4: 153 | AD4: 147 | AE4: 171 | AF4: 153 | AG4: 169 | AH4: 166 | AI4: 160 | AJ4: 156 | AK4: 165 | AL4: 151 | AM4: 163 | AN4: 158 | AO4: 174 | AP4: 208 | AQ4: 202 | AR4: 201 | AS4: 198 | AT4: 211 | AU4: 188 | AV4: 239 | AW4: 169 | AX4: 213 | AY4: 200 | AZ4: 188 | BA4: 196 | BB4: 220 | BC4: 222 | BD4: 169 | BE4: 177 | BF4: 186 | BG4: 213 | BH4: 208 | BI4: 216 | BJ4: 225 | BK4: 251 | BL4: 244 | BM4: 251 | BN4: 251 | BO4: 270 | BP4: 230 | BQ4: 266 | BR4: 253 | BS4: 198 | BT4: 290 | BU4: 267 | BV4: 296 | BW4: 280 | BX4: 326 | BY4: 318 | BZ4: 264 | CA4: 249 | CB4: 258 | CC4: 236 | CD4: 274 | CE4: 290 | CF4: 275 | CG4: 261 | CH4: 296 | CI4: 240 | CJ4: 285 | CK4: 205 | CL4: 257 | CM4: 218 | CN4: 188 | CO4: 247
A5: SKU 1 - b | B5: 221 | C5: 219 | D5: 252 | E5: 232 | F5: 239 | G5: 208 | H5: 223 | I5: 212 | J5: 218 | K5: 200 | L5: 226 | M5: 242 | N5: 245 | O5: 197 | P5: 227 | Q5: 220 | R5: 224 | S5: 222 | T5: 199 | U5: 214 | V5: 217 | W5: 205 | X5: 204 | Y5: 250 | Z5: 249 | AA5: 232 | AB5: 217 | AC5: 232 | AD5: 220 | AE5: 209 | AF5: 227 | AG5: 240 | AH5: 230 | AI5: 223 | AJ5: 221 | AK5: 220 | AL5: 195 | AM5: 191 | AN5: 226 | AO5: 239 | AP5: 285 | AQ5: 267 | AR5: 281 | AS5: 269 | AT5: 303 | AU5: 303 | AV5: 315 | AW5: 269 | AX5: 231 | AY5: 285 | AZ5: 285 | BA5: 312 | BB5: 308 | BC5: 313 | BD5: 265 | BE5: 299 | BF5: 284 | BG5: 282 | BH5: 298 | BI5: 316 | BJ5: 329 | BK5: 304 | BL5: 294 | BM5: 363 | BN5: 316 | BO5: 368 | BP5: 339 | BQ5: 351 | BR5: 326 | BS5: 278 | BT5: 401 | BU5: 321 | BV5: 318 | BW5: 360 | BX5: 349 | BY5: 304 | BZ5: 289 | CA5: 321 | CB5: 272 | CC5: 316 | CD5: 282 | CE5: 320 | CF5: 298 | CG5: 334 | CH5: 328 | CI5: 282 | CJ5: 286 | CK5: 276 | CL5: 279 | CM5: 278 | CN5: 260 | CO5: 300
A6: SKU 1 - c | B6: 397 | C6: 388 | D6: 401 | E6: 452 | F6: 404 | G6: 451 | H6: 427 | I6: 435 | J6: 362 | K6: 394 | L6: 389 | M6: 435 | N6: 384 | O6: 390 | P6: 482 | Q6: 431 | R6: 361 | S6: 423 | T6: 385 | U6: 365 | V6: 444 | W6: 423 | X6: 365 | Y6: 357 | Z6: 416 | AA6: 380 | AB6: 364 | AC6: 371 | AD6: 349 | AE6: 336 | AF6: 362 | AG6: 395 | AH6: 389 | AI6: 392 | AJ6: 376 | AK6: 443 | AL6: 423 | AM6: 378 | AN6: 388 | AO6: 471 | AP6: 541 | AQ6: 475 | AR6: 536 | AS6: 467 | AT6: 521 | AU6: 493 | AV6: 568 | AW6: 501 | AX6: 572 | AY6: 540 | AZ6: 478 | BA6: 589 | BB6: 485 | BC6: 552 | BD6: 469 | BE6: 531 | BF6: 468 | BG6: 531 | BH6: 543 | BI6: 538 | BJ6: 578 | BK6: 524 | BL6: 565 | BM6: 753 | BN6: 647 | BO6: 640 | BP6: 642 | BQ6: 665 | BR6: 511 | BS6: 498 | BT6: 727 | BU6: 582 | BV6: 586 | BW6: 623 | BX6: 666 | BY6: 655 | BZ6: 551 | CA6: 598 | CB6: 595 | CC6: 584 | CD6: 589 | CE6: 585 | CF6: 571 | CG6: 590 | CH6: 625 | CI6: 544 | CJ6: 491 | CK6: 532 | CL6: 562 | CM6: 495 | CN6: 512 | CO6: 540
A7: SKU 1 - d | BZ7: 1 | CA7: 6 | CB7: 13 | CC7: 31 | CD7: 35 | CE7: 40 | CF7: 53 | CG7: 61 | CH7: 82 | CI7: 80 | CJ7: 72 | CK7: 121 | CL7: 108 | CM7: 152 | CN7: 154 | CO7: 208
A8: SKU 1 - e | BZ8: 1 | CA8: 2 | CB8: 15 | CC8: 40 | CD8: 52 | CE8: 59 | CF8: 33 | CG8: 41 | CH8: 59 | CI8: 56 | CJ8: 59 | CK8: 59 | CL8: 74 | CM8: 112 | CN8: 119 | CO8: 147
A9: SKU 1 - f | B9: 341 | C9: 295 | D9: 277 | E9: 295 | F9: 266 | G9: 360 | H9: 390 | I9: 463 | J9: 343 | K9: 391 | L9: 437 | M9: 514 | N9: 434 | O9: 496 | P9: 430 | Q9: 339 | R9: 283 | S9: 318 | T9: 290 | U9: 277 | V9: 317 | W9: 322 | X9: 274 | Y9: 253 | Z9: 254 | AA9: 279 | AB9: 268 | AC9: 325 | AD9: 280 | AE9: 213 | AF9: 259 | AG9: 277 | AH9: 318 | AI9: 279 | AJ9: 300 | AK9: 309 | AL9: 221 | AM9: 259 | AN9: 218 | AO9: 245 | AP9: 238 | AQ9: 269 | AR9: 271 | AS9: 170 | AT9: 205 | AU9: 200 | AV9: 239 | AW9: 205 | AX9: 289 | AY9: 289 | AZ9: 205 | BA9: 213 | BB9: 190 | BC9: 236 | BD9: 225 | BE9: 259 | BF9: 277 | BG9: 202 | BH9: 185 | BI9: 164 | BJ9: 187 | BK9: 209 | BL9: 262 | BM9: 249 | BN9: 199 | BO9: 206 | BP9: 206 | BQ9: 231 | BR9: 231 | BS9: 213 | BT9: 250 | BU9: 207 | BV9: 207 | BW9: 200 | BX9: 181 | BY9: 249 | BZ9: 228 | CA9: 273 | CB9: 206 | CC9: 207 | CD9: 227 | CE9: 231 | CF9: 194 | CG9: 247 | CH9: 295 | CI9: 192 | CJ9: 203 | CK9: 223 | CL9: 230 | CM9: 202 | CN9: 239 | CO9: 278
A10: SKU 1 - h | B10: 347 | C10: 261 | D10: 250 | E10: 229 | F10: 243 | G10: 340 | H10: 339 | I10: 409 | J10: 315 | K10: 294 | L10: 340 | M10: 385 | N10: 349 | O10: 436 | P10: 316 | Q10: 266 | R10: 217 | S10: 257 | T10: 241 | U10: 243 | V10: 274 | W10: 308 | X10: 226 | Y10: 233 | Z10: 239 | AA10: 257 | AB10: 241 | AC10: 322 | AD10: 295 | AE10: 235 | AF10: 244 | AG10: 272 | AH10: 247 | AI10: 230 | AJ10: 282 | AK10: 261 | AL10: 188 | AM10: 220 | AN10: 189 | AO10: 180 | AP10: 234 | AQ10: 260 | AR10: 265 | AS10: 189 | AT10: 183 | AU10: 176 | AV10: 179 | AW10: 193 | AX10: 250 | AY10: 227 | AZ10: 175 | BA10: 209 | BB10: 142 | BC10: 182 | BD10: 198 | BE10: 224 | BF10: 242 | BG10: 182 | BH10: 133 | BI10: 156 | BJ10: 186 | BK10: 173 | BL10: 210 | BM10: 202 | BN10: 147 | BO10: 176 | BP10: 183 | BQ10: 207 | BR10: 204 | BS10: 194 | BT10: 227 | BU10: 151 | BV10: 223 | BW10: 174 | BX10: 168 | BY10: 200 | BZ10: 182 | CA10: 219 | CB10: 155 | CC10: 169 | CD10: 198 | CE10: 202 | CF10: 199 | CG10: 204 | CH10: 214 | CI10: 171 | CJ10: 164 | CK10: 212 | CL10: 238 | CM10: 197 | CN10: 278 | CO10: 291
A11: SKU 2 - a | B11: 93 | C11: 73 | D11: 73 | E11: 64 | F11: 61 | G11: 71 | H11: 70 | I11: 82 | J11: 66 | K11: 65 | L11: 73 | M11: 51 | N11: 73 | O11: 81 | P11: 80 | Q11: 71 | R11: 78 | S11: 77 | T11: 49 | U11: 69 | V11: 77 | W11: 94 | X11: 60 | Y11: 80 | Z11: 55 | AA11: 71 | AB11: 81 | AC11: 96 | AD11: 91 | AE11: 97 | AF11: 89 | AG11: 73 | AH11: 97 | AI11: 92 | AJ11: 87 | AK11: 101 | AL11: 79 | AM11: 80 | AN11: 81 | AO11: 86 | AP11: 94 | AQ11: 99 | AR11: 121 | AS11: 108 | AT11: 102 | AU11: 96 | AV11: 121 | AW11: 104 | AX11: 109 | AY11: 119 | AZ11: 96 | BA11: 96 | BB11: 96 | BC11: 96 | BD11: 95 | BE11: 112 | BF11: 110 | BG11: 107 | BH11: 111 | BI11: 90 | BJ11: 110 | BK11: 135 | BL11: 148 | BM11: 166 | BN11: 126 | BO11: 162 | BP11: 145 | BQ11: 154 | BR11: 137 | BS11: 140 | BT11: 157 | BU11: 136 | BV11: 127 | BW11: 130 | BX11: 132 | BY11: 155 | BZ11: 152 | CA11: 176 | CB11: 160 | CC11: 164 | CD11: 154 | CE11: 144 | CF11: 147 | CG11: 145 | CH11: 175 | CI11: 120 | CJ11: 141 | CK11: 158 | CL11: 134 | CM11: 144 | CN11: 183 | CO11: 156
A12: SKU 2 - B | B12: 283 | C12: 206 | D12: 246 | E12: 260 | F12: 235 | G12: 219 | H12: 225 | I12: 248 | J12: 197 | K12: 224 | L12: 205 | M12: 206 | N12: 196 | O12: 242 | P12: 271 | Q12: 197 | R12: 232 | S12: 230 | T12: 233 | U12: 204 | V12: 212 | W12: 286 | X12: 201 | Y12: 208 | Z12: 248 | AA12: 211 | AB12: 227 | AC12: 256 | AD12: 283 | AE12: 259 | AF12: 256 | AG12: 232 | AH12: 246 | AI12: 195 | AJ12: 222 | AK12: 248 | AL12: 188 | AM12: 176 | AN12: 179 | AO12: 207 | AP12: 196 | AQ12: 228 | AR12: 255 | AS12: 200 | AT12: 207 | AU12: 204 | AV12: 271 | AW12: 212 | AX12: 242 | AY12: 265 | AZ12: 215 | BA12: 194 | BB12: 227 | BC12: 214 | BD12: 202 | BE12: 225 | BF12: 281 | BG12: 223 | BH12: 227 | BI12: 192 | BJ12: 235 | BK12: 226 | BL12: 261 | BM12: 330 | BN12: 256 | BO12: 238 | BP12: 196 | BQ12: 240 | BR12: 205 | BS12: 194 | BT12: 278 | BU12: 190 | BV12: 180 | BW12: 164 | BX12: 199 | BY12: 206 | BZ12: 218 | CA12: 199 | CB12: 183 | CC12: 157 | CD12: 180 | CE12: 190 | CF12: 180 | CG12: 192 | CH12: 213 | CI12: 148 | CJ12: 171 | CK12: 175 | CL12: 174 | CM12: 171 | CN12: 181 | CO12: 230
A13: SKU 2 - C | B13: 92 | C13: 67 | D13: 73 | E13: 66 | F13: 64 | G13: 65 | H13: 63 | I13: 71 | J13: 55 | K13: 61 | L13: 62 | M13: 45 | N13: 57 | O13: 71 | P13: 79 | Q13: 45 | R13: 58 | S13: 65 | T13: 70 | U13: 62 | V13: 71 | W13: 72 | X13: 53 | Y13: 64 | Z13: 69 | AA13: 74 | AB13: 67 | AC13: 85 | AD13: 79 | AE13: 83 | AF13: 98 | AG13: 108 | AH13: 66 | AI13: 63 | AJ13: 78 | AK13: 83 | AL13: 69 | AM13: 65 | AN13: 92 | AO13: 110 | AP13: 83 | AQ13: 120 | AR13: 126 | AS13: 98 | AT13: 86 | AU13: 98 | AV13: 102 | AW13: 112 | AX13: 77 | AY13: 105 | AZ13: 110 | BA13: 86 | BB13: 96 | BC13: 99 | BD13: 86 | BE13: 97 | BF13: 109 | BG13: 95 | BH13: 83 | BI13: 109 | BJ13: 95 | BK13: 107 | BL13: 138 | BM13: 157 | BN13: 117 | BO13: 118 | BP13: 136 | BQ13: 140 | BR13: 141 | BS13: 122 | BT13: 137 | BU13: 106 | BV13: 137 | BW13: 121 | BX13: 129 | BY13: 178 | BZ13: 149 | CA13: 144 | CB13: 125 | CC13: 106 | CD13: 144 | CE13: 136 | CF13: 106 | CG13: 126 | CH13: 167 | CI13: 134 | CJ13: 148 | CK13: 126 | CL13: 130 | CM13: 141 | CN13: 155 | CO13: 140
A14: SKU 2 - D | B14: 312 | C14: 222 | D14: 267 | E14: 225 | F14: 258 | G14: 239 | H14: 288 | I14: 254 | J14: 233 | K14: 220 | L14: 223 | M14: 209 | N14: 239 | O14: 276 | P14: 313 | Q14: 235 | R14: 240 | S14: 223 | T14: 248 | U14: 232 | V14: 274 | W14: 306 | X14: 219 | Y14: 235 | Z14: 237 | AA14: 251 | AB14: 248 | AC14: 270 | AD14: 309 | AE14: 286 | AF14: 251 | AG14: 245 | AH14: 237 | AI14: 219 | AJ14: 255 | AK14: 275 | AL14: 220 | AM14: 214 | AN14: 207 | AO14: 222 | AP14: 214 | AQ14: 226 | AR14: 276 | AS14: 214 | AT14: 190 | AU14: 193 | AV14: 274 | AW14: 223 | AX14: 244 | AY14: 247 | AZ14: 229 | BA14: 239 | BB14: 213 | BC14: 245 | BD14: 210 | BE14: 254 | BF14: 234 | BG14: 228 | BH14: 246 | BI14: 219 | BJ14: 216 | BK14: 228 | BL14: 255 | BM14: 340 | BN14: 247 | BO14: 249 | BP14: 237 | BQ14: 231 | BR14: 249 | BS14: 191 | BT14: 292 | BU14: 213 | BV14: 237 | BW14: 163 | BX14: 187 | BY14: 191 | BZ14: 202 | CA14: 192 | CB14: 186 | CC14: 276 | CD14: 235 | CE14: 277 | CF14: 242 | CG14: 312 | CH14: 294 | CI14: 243 | CJ14: 210 | CK14: 222 | CL14: 186 | CM14: 222 | CN14: 229 | CO14: 325
A15: SKU 3 - A | BY15: 1 | BZ15: 3 | CA15: 7 | CB15: 19 | CC15: 28 | CD15: 42 | CE15: 49 | CF15: 42 | CG15: 30 | CH15: 46 | CI15: 39 | CJ15: 41 | CK15: 44 | CL15: 51 | CM15: 48 | CN15: 54 | CO15: 40
A16: SKU - 3 B | B16: 148 | C16: 135 | D16: 144 | E16: 146 | F16: 172 | G16: 145 | H16: 161 | I16: 142 | J16: 151 | K16: 118 | L16: 163 | M16: 161 | N16: 127 | O16: 150 | P16: 139 | Q16: 143 | R16: 131 | S16: 150 | T16: 157 | U16: 150 | V16: 128 | W16: 137 | X16: 141 | Y16: 153 | Z16: 130 | AA16: 140 | AB16: 139 | AC16: 129 | AD16: 155 | AE16: 128 | AF16: 145 | AG16: 177 | AH16: 179 | AI16: 171 | AJ16: 166 | AK16: 148 | AL16: 142 | AM16: 134 | AN16: 139 | AO16: 209 | AP16: 147 | AQ16: 176 | AR16: 166 | AS16: 190 | AT16: 189 | AU16: 164 | AV16: 219 | AW16: 158 | AX16: 180 | AY16: 166 | AZ16: 147 | BA16: 162 | BB16: 157 | BC16: 187 | BD16: 154 | BE16: 178 | BF16: 191 | BG16: 152 | BH16: 183 | BI16: 188 | BJ16: 195 | BK16: 165 | BL16: 230 | BM16: 186 | BN16: 190 | BO16: 176 | BP16: 190 | BQ16: 172 | BR16: 143 | BS16: 128 | BT16: 194 | BU16: 199 | BV16: 181 | BW16: 207 | BX16: 180 | BY16: 222 | BZ16: 176 | CA16: 216 | CB16: 220 | CC16: 207 | CD16: 199 | CE16: 205 | CF16: 195 | CG16: 201 | CH16: 190 | CI16: 184 | CJ16: 202 | CK16: 204 | CL16: 235 | CM16: 215 | CN16: 193 | CO16: 234
A17: SKU - 3 C | CD17: 1 | CE17: 6 | CF17: 6 | CG17: 4 | CH17: 11 | CI17: 8 | CJ17: 6 | CK17: 6 | CL17: 5 | CM17: 5 | CN17: 7 | CO17: 6
A18: SKU 4 - A
A19: SKU 4 - B
A21: Platform B | B21: Column1 | C21: Column2 | D21: Column3 | E21: Column4 | F21: Column5 | G21: Column6 | H21: Column7 | I21: Column8 | J21: Column9 | K21: Column10 | L21: Column11 | M21: Column12 | N21: Column13 | O21: Column14 | P21: Column15 | Q21: Column16 | R21: Column17 | S21: Column18 | T21: Column19 | U21: Column20 | V21: Column21 | W21: Column22 | X21: Column23 | Y21: Column24 | Z21: Column25 | AA21: Column26 | AB21: Column27 | AC21: Column28 | AD21: Column29 | AE21: Column30 | AF21: Column31 | AG21: Column32 | AH21: Column33 | AI21: Column34 | AJ21: Column35 | AK21: Column36 | AL21: Column37 | AM21: Column38 | AN21: Column39 | AO21: Column40 | AP21: Column41 | AQ21: Column42 | AR21: Column43 | AS21: Column44 | AT21: Column45 | AU21: Column46 | AV21: Column47 | AW21: Column48 | AX21: Column49 | AY21: Column50 | AZ21: Column51 | BA21: Column52 | BB21: Column53 | BC21: Column54 | BD21: Column55 | BE21: Column56 | BF21: Column57 | BG21: Column58 | BH21: Column59 | BI21: Column60 | BJ21: Column61 | BK21: Column62 | BL21: Column63 | BM21: Column64 | BN21: Column65 | BO21: Column66 | BP21: Column67 | BQ21: Column68 | BR21: Column69 | BS21: Column70 | BT21: Column71 | BU21: Column72 | BV21: Column73 | BW21: Column74 | BX21: Column75 | BY21: Column76 | BZ21: Column77 | CA21: Column78 | CB21: Column79 | CC21: Column80 | CD21: Column81 | CE21: Column82 | CF21: Column83 | CG21: Column84 | CH21: Column85 | CI21: Column86 | CJ21: Column87 | CK21: Column88 | CL21: Column89 | CM21: Column90 | CN21: Column91 | CO21: Column92
A22: SKU | B22: 01-Jun | C22: 02-Jun | D22: 03-Jun | E22: 04-Jun | F22: 05-Jun | G22: 06-Jun | H22: 07-Jun | I22: 08-Jun | J22: 09-Jun | K22: 10-Jun | L22: 11-Jun | M22: 12-Jun | N22: 13-Jun | O22: 14-Jun | P22: 15-Jun | Q22: 16-Jun | R22: 17-Jun | S22: 18-Jun | T22: 19-Jun | U22: 20-Jun | V22: 21-Jun | W22: 22-Jun | X22: 23-Jun | Y22: 24-Jun | Z22: 25-Jun | AA22: 26-Jun | AB22: 27-Jun | AC22: 28-Jun | AD22: 29-Jun | AE22: 30-Jun | AF22: 01-Jul | AG22: 02-Jul | AH22: 03-Jul | AI22: 04-Jul | AJ22: 05-Jul | AK22: 06-Jul | AL22: 07-Jul | AM22: 08-Jul | AN22: 09-Jul | AO22: 10-Jul | AP22: 11-Jul | AQ22: 12-Jul | AR22: 13-Jul | AS22: 14-Jul | AT22: 15-Jul | AU22: 16-Jul | AV22: 17-Jul | AW22: 18-Jul | AX22: 19-Jul | AY22: 20-Jul | AZ22: 21-Jul | BA22: 22-Jul | BB22: 23-Jul | BC22: 24-Jul | BD22: 25-Jul | BE22: 26-Jul | BF22: 27-Jul | BG22: 28-Jul | BH22: 29-Jul | BI22: 30-Jul | BJ22: 31-Jul | BK22: 01-Aug | BL22: 02-Aug | BM22: 03-Aug | BN22: 04-Aug | BO22: 05-Aug | BP22: 06-Aug | BQ22: 07-Aug | BR22: 08-Aug | BS22: 09-Aug | BT22: 10-Aug | BU22: 11-Aug | BV22: 12-Aug | BW22: 13-Aug | BX22: 14-Aug | BY22: 15-Aug | BZ22: 16-Aug | CA22: 17-Aug | CB22: 18-Aug | CC22: 19-Aug | CD22: 20-Aug | CE22: 21-Aug | CF22: 22-Aug | CG22: 23-Aug | CH22: 24-Aug | CI22: 25-Aug | CJ22: 26-Aug | CK22: 27-Aug | CL22: 28-Aug | CM22: 29-Aug | CN22: 30-Aug | CO22: 31-Aug
A23: SKU 1 - a | B23: 11 | C23: 13 | D23: 6 | E23: 7 | F23: 6 | G23: 5 | H23: 2 | I23: 4 | K23: 2 | L23: 6 | M23: 5 | N23: 3 | O23: 6 | P23: 4 | Q23: 2 | R23: 4 | S23: 3 | T23: 1 | V23: 3 | W23: 18 | X23: 10 | Y23: 18 | Z23: 15 | AA23: 8 | AB23: 11 | AC23: 15 | AD23: 28 | AE23: 25 | AF23: 32 | AG23: 43 | AH23: 46 | AI23: 61 | AJ23: 36 | AK23: 65 | AL23: 33 | AM23: 59 | AN23: 54 | AO23: 64 | AP23: 46 | AQ23: 65 | AR23: 76 | AS23: 67 | AT23: 58 | AU23: 77 | AV23: 64 | AW23: 82 | AX23: 75 | AY23: 102 | AZ23: 81 | BA23: 75 | BB23: 87 | BC23: 82 | BD23: 70 | BE23: 119 | BF23: 89 | BG23: 84 | BH23: 91 | BI23: 115 | BJ23: 96 | BK23: 100 | BL23: 91 | BM23: 80 | BN23: 89 | BO23: 117 | BP23: 85 | BQ23: 85 | BR23: 77 | BS23: 71 | BT23: 81 | BU23: 90 | BV23: 86 | BW23: 68 | BX23: 74 | BY23: 81 | BZ23: 112 | CA23: 91 | CB23: 88 | CC23: 101 | CD23: 83 | CE23: 91 | CF23: 101 | CG23: 72 | CH23: 80 | CI23: 87 | CJ23: 102 | CK23: 88 | CL23: 97 | CM23: 102 | CN23: 108 | CO23: 113
A24: SKU 1 - b | B24: 127 | C24: 103 | D24: 118 | E24: 117 | F24: 127 | G24: 106 | H24: 122 | I24: 96 | J24: 122 | K24: 97 | L24: 111 | M24: 119 | N24: 130 | O24: 184 | P24: 169 | Q24: 170 | R24: 154 | S24: 147 | T24: 114 | U24: 110 | V24: 117 | W24: 110 | X24: 85 | Y24: 103 | Z24: 99 | AA24: 116 | AB24: 107 | AC24: 100 | AD24: 112 | AE24: 145 | AF24: 141 | AG24: 206 | AH24: 176 | AI24: 175 | AJ24: 170 | AK24: 193 | AL24: 152 | AM24: 172 | AN24: 159 | AO24: 102 | AP24: 132 | AQ24: 132 | AR24: 131 | AS24: 123 | AT24: 151 | AU24: 117 | AV24: 138 | AW24: 121 | AX24: 447 | AY24: 518 | AZ24: 58 | BA24: 103 | BB24: 93 | BC24: 100 | BD24: 106 | BE24: 689 | BF24: 204 | BG24: 69 | BH24: 84 | BI24: 129 | BJ24: 117 | BK24: 97 | BL24: 146 | BM24: 130 | BN24: 133 | BO24: 139 | BP24: 126 | BQ24: 126 | BR24: 125 | BS24: 127 | BT24: 164 | BU24: 123 | BV24: 122 | BW24: 142 | BX24: 192 | BY24: 248 | BZ24: 182 | CA24: 172 | CB24: 140 | CC24: 170 | CD24: 158 | CE24: 125 | CF24: 144 | CG24: 131 | CH24: 121 | CI24: 135 | CJ24: 161 | CK24: 153 | CL24: 162 | CM24: 173 | CN24: 148 | CO24: 117
A25: SKU 1 - c | B25: 124 | C25: 114 | D25: 132 | E25: 134 | F25: 156 | G25: 126 | H25: 139 | I25: 132 | J25: 121 | K25: 93 | L25: 118 | M25: 119 | N25: 132 | O25: 159 | P25: 152 | Q25: 139 | R25: 134 | S25: 175 | T25: 138 | U25: 111 | V25: 133 | W25: 147 | X25: 126 | Y25: 132 | Z25: 111 | AA25: 131 | AB25: 147 | AC25: 158 | AD25: 188 | AE25: 167 | AF25: 222 | AG25: 310 | AH25: 238 | AI25: 212 | AJ25: 197 | AK25: 287 | AL25: 190 | AM25: 203 | AN25: 214 | AO25: 182 | AP25: 198 | AQ25: 186 | AR25: 204 | AS25: 133 | AT25: 197 | AU25: 162 | AV25: 153 | AW25: 130 | AX25: 133 | AY25: 178 | AZ25: 149 | BA25: 158 | BB25: 455 | BC25: 393 | BD25: 136 | BE25: 201 | BF25: 224 | BG25: 192 | BH25: 197 | BI25: 241 | BJ25: 198 | BK25: 195 | BL25: 238 | BM25: 221 | BN25: 210 | BO25: 215 | BP25: 192 | BQ25: 209 | BR25: 175 | BS25: 161 | BT25: 184 | BU25: 169 | BV25: 183 | BW25: 199 | BX25: 301 | BY25: 349 | BZ25: 194 | CA25: 253 | CB25: 207 | CC25: 235 | CD25: 261 | CE25: 219 | CF25: 231 | CG25: 222 | CH25: 218 | CI25: 220 | CJ25: 231 | CK25: 235 | CL25: 209 | CM25: 259 | CN25: 244 | CO25: 256
A26: SKU 1 - d
A27: SKU 1 - e
A28: SKU 1 - f | B28: 17 | C28: 3 | D28: 14 | E28: 12 | F28: 13 | G28: 6 | H28: 12 | I28: 15 | J28: 17 | K28: 9 | L28: 13 | M28: 20 | N28: 13 | O28: 26 | P28: 23 | Q28: 16 | R28: 10 | S28: 11 | T28: 4 | U28: 11 | V28: 14 | W28: 10 | X28: 8 | Y28: 12 | Z28: 8 | AA28: 14 | AB28: 8 | AC28: 10 | AD28: 10 | AE28: 6 | AF28: 11 | AG28: 14 | AH28: 17 | AI28: 23 | AJ28: 27 | AK28: 27 | AL28: 19 | AM28: 26 | AN28: 22 | AO28: 18 | AP28: 22 | AQ28: 25 | AR28: 23 | AS28: 24 | AT28: 23 | AU28: 18 | AV28: 23 | AW28: 21 | AX28: 29 | AY28: 40 | AZ28: 20 | BA28: 26 | BB28: 25 | BC28: 15 | BD28: 22 | BE28: 30 | BF28: 38 | BG28: 22 | BH28: 31 | BI28: 40 | BJ28: 25 | BK28: 33 | BL28: 36 | BM28: 47 | BN28: 28 | BO28: 38 | BP28: 26 | BQ28: 35 | BR28: 35 | BS28: 27 | BT28: 38 | BU28: 35 | BV28: 29 | BW28: 26 | BX28: 27 | BY28: 30 | BZ28: 32 | CA28: 24 | CB28: 21 | CC28: 31 | CD28: 31 | CE28: 28 | CF28: 34 | CG28: 35 | CH28: 40 | CI28: 24 | CJ28: 33 | CK28: 31 | CL28: 29 | CM28: 29 | CN28: 36 | CO28: 31
A29: SKU 1 - h | B29: 9 | C29: 12 | D29: 9 | E29: 5 | F29: 9 | G29: 8 | H29: 7 | I29: 8 | J29: 12 | K29: 6 | L29: 9 | M29: 9 | N29: 7 | O29: 10 | P29: 10 | Q29: 6 | R29: 6 | S29: 3 | T29: 9 | U29: 5 | V29: 7 | W29: 5 | X29: 3 | Y29: 7 | Z29: 6 | AA29: 5 | AB29: 5 | AC29: 6 | AD29: 10 | AE29: 6 | AF29: 13 | AG29: 14 | AH29: 10 | AI29: 15 | AJ29: 15 | AK29: 15 | AL29: 15 | AM29: 28 | AN29: 8 | AO29: 18 | AP29: 19 | AQ29: 25 | AR29: 25 | AS29: 20 | AT29: 25 | AU29: 17 | AV29: 14 | AW29: 21 | AX29: 23 | AY29: 35 | AZ29: 17 | BA29: 22 | BB29: 25 | BC29: 23 | BD29: 28 | BE29: 30 | BF29: 45 | BG29: 17 | BH29: 24 | BI29: 26 | BJ29: 41 | BK29: 52 | BL29: 38 | BM29: 41 | BN29: 37 | BO29: 32 | BP29: 30 | BQ29: 50 | BR29: 42 | BS29: 35 | BT29: 42 | BU29: 22 | BV29: 26 | BW29: 23 | BX29: 30 | BY29: 32 | BZ29: 35 | CA29: 23 | CB29: 20 | CC29: 15 | CD29: 27 | CE29: 31 | CF29: 26 | CG29: 31 | CH29: 46 | CI29: 16 | CJ29: 32 | CK29: 36 | CL29: 41 | CM29: 25 | CN29: 28 | CO29: 30
A30: SKU 2 - a | B30: 54 | C30: 34 | D30: 23 | E30: 40 | F30: 46 | G30: 28 | H30: 41 | I30: 47 | J30: 26 | K30: 34 | L30: 43 | M30: 39 | N30: 38 | O30: 48 | P30: 46 | Q30: 40 | R30: 36 | S30: 35 | T30: 47 | U30: 50 | V30: 46 | W30: 47 | X30: 43 | Y30: 48 | Z30: 37 | AA30: 40 | AB30: 26 | AC30: 48 | AD30: 55 | AE30: 47 | AF30: 68 | AG30: 95 | AH30: 61 | AI30: 86 | AJ30: 61 | AK30: 100 | AL30: 69 | AM30: 65 | AN30: 67 | AO30: 46 | AP30: 62 | AQ30: 66 | AR30: 50 | AS30: 58 | AT30: 46 | AU30: 50 | AV30: 62 | AW30: 60 | AX30: 50 | AY30: 60 | AZ30: 50 | BA30: 32 | BB30: 57 | BC30: 74 | BD30: 74 | BE30: 81 | BF30: 78 | BG30: 74 | BH30: 66 | BI30: 58 | BJ30: 58 | BK30: 74 | BL30: 77 | BM30: 87 | BN30: 70 | BO30: 76 | BP30: 45 | BQ30: 61 | BR30: 51 | BS30: 41 | BT30: 77 | BU30: 53 | BV30: 50 | BW30: 67 | BX30: 76 | BY30: 91 | BZ30: 63 | CA30: 81 | CB30: 63 | CC30: 62 | CD30: 50 | CE30: 55 | CF30: 53 | CG30: 59 | CH30: 65 | CI30: 58 | CJ30: 57 | CK30: 49 | CL30: 54 | CM30: 66 | CN30: 71 | CO30: 78
A31: SKU 2 - B
A32: SKU 2 - C | B32: 28 | C32: 13 | D32: 18 | E32: 25 | F32: 22 | G32: 24 | H32: 22 | I32: 32 | J32: 20 | K32: 22 | L32: 23 | M32: 25 | N32: 25 | O32: 29 | P32: 35 | Q32: 25 | R32: 28 | S32: 28 | T32: 27 | U32: 22 | V32: 34 | W32: 33 | X32: 30 | Y32: 26 | Z32: 31 | AA32: 25 | AB32: 22 | AC32: 34 | AD32: 30 | AE32: 31 | AF32: 40 | AG32: 40 | AH32: 54 | AI32: 62 | AJ32: 52 | AK32: 73 | AL32: 38 | AM32: 36 | AN32: 47 | AO32: 31 | AP32: 46 | AQ32: 45 | AR32: 55 | AS32: 35 | AT32: 47 | AU32: 45 | AV32: 35 | AW32: 35 | AX32: 50 | AY32: 61 | AZ32: 42 | BA32: 37 | BB32: 50 | BC32: 41 | BD32: 44 | BE32: 60 | BF32: 55 | BG32: 52 | BH32: 39 | BI32: 49 | BJ32: 48 | BK32: 67 | BL32: 54 | BM32: 73 | BN32: 55 | BO32: 44 | BP32: 43 | BQ32: 43 | BR32: 54 | BS32: 36 | BT32: 64 | BU32: 40 | BV32: 38 | BW32: 56 | BX32: 47 | BY32: 61 | BZ32: 68 | CA32: 46 | CB32: 44 | CC32: 37 | CD32: 52 | CE32: 39 | CF32: 39 | CG32: 45 | CH32: 53 | CI32: 30 | CJ32: 45 | CK32: 27 | CL32: 31 | CM32: 53 | CN32: 68 | CO32: 58
A33: SKU 2 - D
A34: SKU 3 - A | B34: 1 | I34: 1 | Q34: 1 | V34: 1 | AC34: 2 | AD34: 1 | AE34: 1 | AG34: 5 | AH34: 5 | AI34: 8 | AJ34: 7 | AK34: 11 | AL34: 5 | AM34: 6 | AN34: 6 | AO34: 6 | AP34: 7 | AQ34: 14 | AR34: 11 | AS34: 7 | AT34: 20 | AU34: 18 | AV34: 9 | AW34: 21 | AX34: 18 | AY34: 20 | AZ34: 22 | BA34: 25 | BB34: 24 | BC34: 32 | BD34: 19 | BE34: 30 | BF34: 24 | BG34: 23 | BH34: 25 | BI34: 28 | BJ34: 33 | BK34: 48 | BL34: 44 | BM34: 41 | BN34: 36 | BO34: 41 | BP34: 29 | BQ34: 38 | BR34: 28 | BS34: 24 | BT34: 29 | BU34: 32 | BV34: 40 | BW34: 29 | BX34: 36 | BY34: 44 | BZ34: 35 | CA34: 44 | CB34: 39 | CC34: 35 | CD34: 43 | CE34: 49 | CF34: 45 | CG34: 33 | CH34: 51 | CI34: 31 | CJ34: 36 | CK34: 31 | CL34: 45 | CM34: 41 | CN34: 47 | CO34: 45
A35: SKU - 3 B
A36: SKU - 3 C | B36: 28 | C36: 35 | D36: 23 | E36: 37 | F36: 29 | G36: 32 | H36: 27 | I36: 13 | J36: 15 | K36: 19 | L36: 21 | M36: 19 | N36: 21 | O36: 27 | P36: 22 | Q36: 22 | R36: 20 | S36: 18 | T36: 11 | U36: 7 | V36: 8 | W36: 13 | X36: 5 | Y36: 3 | Z36: 10 | AA36: 8 | AB36: 4 | AC36: 2 | AD36: 9 | AE36: 5 | AZ36: 1 | BA36: 3 | BB36: 4 | BC36: 7 | BD36: 7 | BE36: 16 | BF36: 24 | BG36: 14 | BH36: 22 | BI36: 24 | BJ36: 18 | BK36: 14 | BL36: 12 | BM36: 9 | BN36: 10 | BO36: 16 | BP36: 20 | BQ36: 11 | BR36: 10 | BS36: 14 | BT36: 17 | BU36: 18 | BV36: 39 | BW36: 23 | BX36: 20 | BY36: 23 | BZ36: 29 | CA36: 20 | CB36: 25 | CC36: 30 | CD36: 19 | CE36: 29 | CF36: 19 | CG36: 27 | CH36: 24 | CI36: 26 | CJ36: 20 | CK36: 31 | CL36: 27 | CM36: 25 | CN36: 24 | CO36: 39
A37: SKU 4 - A | BL37: 2 | BM37: 2 | BN37: 1 | BO37: 4 | BP37: 3 | BQ37: 6 | BR37: 4 | BS37: 4 | BT37: 2 | BU37: 4 | BW37: 4 | BX37: 6 | BY37: 7 | BZ37: 1 | CA37: 6 | CB37: 3 | CC37: 1 | CD37: 5 | CE37: 4 | CF37: 1 | CG37: 4 | CH37: 3 | CI37: 1 | CJ37: 4 | CK37: 3 | CL37: 1 | CM37: 6 | CN37: 5 | CO37: 2
A38: SKU 4 - B
A40: Platform C | B40: Column1 | C40: Column2 | D40: Column3 | E40: Column4 | F40: Column5 | G40: Column6 | H40: Column7 | I40: Column8 | J40: Column9 | K40: Column10 | L40: Column11 | M40: Column12 | N40: Column13 | O40: Column14 | P40: Column15 | Q40: Column16 | R40: Column17 | S40: Column18 | T40: Column19 | U40: Column20 | V40: Column21 | W40: Column22 | X40: Column23 | Y40: Column24 | Z40: Column25 | AA40: Column26 | AB40: Column27 | AC40: Column28 | AD40: Column29 | AE40: Column30 | AF40: Column31 | AG40: Column32 | AH40: Column33 | AI40: Column34 | AJ40: Column35 | AK40: Column36 | AL40: Column37 | AM40: Column38 | AN40: Column39 | AO40: Column40 | AP40: Column41 | AQ40: Column42 | AR40: Column43 | AS40: Column44 | AT40: Column45 | AU40: Column46 | AV40: Column47 | AW40: Column48 | AX40: Column49 | AY40: Column50 | AZ40: Column51 | BA40: Column52 | BB40: Column53 | BC40: Column54 | BD40: Column55 | BE40: Column56 | BF40: Column57 | BG40: Column58 | BH40: Column59 | BI40: Column60 | BJ40: Column61 | BK40: Column62 | BL40: Column63 | BM40: Column64 | BN40: Column65 | BO40: Column66 | BP40: Column67 | BQ40: Column68 | BR40: Column69 | BS40: Column70 | BT40: Column71 | BU40: Column72 | BV40: Column73 | BW40: Column74 | BX40: Column75 | BY40: Column76 | BZ40: Column77 | CA40: Column78 | CB40: Column79 | CC40: Column80 | CD40: Column81 | CE40: Column82 | CF40: Column83 | CG40: Column84 | CH40: Column85 | CI40: Column86 | CJ40: Column87 | CK40: Column88 | CL40: Column89 | CM40: Column90 | CN40: Column91 | CO40: Column92
A41: SKU | B41: 01-Jun | C41: 02-Jun | D41: 03-Jun | E41: 04-Jun | F41: 05-Jun | G41: 06-Jun | H41: 07-Jun | I41: 08-Jun | J41: 09-Jun | K41: 10-Jun | L41: 11-Jun | M41: 12-Jun | N41: 13-Jun | O41: 14-Jun | P41: 15-Jun | Q41: 16-Jun | R41: 17-Jun | S41: 18-Jun | T41: 19-Jun | U41: 20-Jun | V41: 21-Jun | W41: 22-Jun | X41: 23-Jun | Y41: 24-Jun | Z41: 25-Jun | AA41: 26-Jun | AB41: 27-Jun | AC41: 28-Jun | AD41: 29-Jun | AE41: 30-Jun | AF41: 01-Jul | AG41: 02-Jul | AH41: 03-Jul | AI41: 04-Jul | AJ41: 05-Jul | AK41: 06-Jul | AL41: 07-Jul | AM41: 08-Jul | AN41: 09-Jul | AO41: 10-Jul | AP41: 11-Jul | AQ41: 12-Jul | AR41: 13-Jul | AS41: 14-Jul | AT41: 15-Jul | AU41: 16-Jul | AV41: 17-Jul | AW41: 18-Jul | AX41: 19-Jul | AY41: 20-Jul | AZ41: 21-Jul | BA41: 22-Jul | BB41: 23-Jul | BC41: 24-Jul | BD41: 25-Jul | BE41: 26-Jul | BF41: 27-Jul | BG41: 28-Jul | BH41: 29-Jul | BI41: 30-Jul | BJ41: 31-Jul | BK41: 01-Aug | BL41: 02-Aug | BM41: 03-Aug | BN41: 04-Aug | BO41: 05-Aug | BP41: 06-Aug | BQ41: 07-Aug | BR41: 08-Aug | BS41: 09-Aug | BT41: 10-Aug | BU41: 11-Aug | BV41: 12-Aug | BW41: 13-Aug | BX41: 14-Aug | BY41: 15-Aug | BZ41: 16-Aug | CA41: 17-Aug | CB41: 18-Aug | CC41: 19-Aug | CD41: 20-Aug | CE41: 21-Aug | CF41: 22-Aug | CG41: 23-Aug | CH41: 24-Aug | CI41: 25-Aug | CJ41: 26-Aug | CK41: 27-Aug | CL41: 28-Aug | CM41: 29-Aug | CN41: 30-Aug | CO41: 31-Aug
A42: SKU 1 - a | CG42: 1 | CI42: 1 | CJ42: 2 | CK42: 6 | CL42: 6 | CM42: 3 | CN42: 15 | CO42: 6
A43: SKU 1 - b | B43: 103 | C43: 78 | D43: 100 | E43: 93 | F43: 104 | G43: 111 | H43: 117 | I43: 105 | J43: 105 | K43: 102 | L43: 93 | M43: 93 | N43: 64 | O43: 99 | P43: 120 | Q43: 78 | R43: 92 | S43: 108 | T43: 98 | U43: 96 | V43: 85 | W43: 86 | X43: 86 | Y43: 107 | Z43: 90 | AA43: 100 | AB43: 98 | AC43: 90 | AD43: 95 | AE43: 62 | AF43: 79 | AG43: 109 | AH43: 78 | AI43: 102 | AJ43: 108 | AK43: 102 | AL43: 104 | AM43: 107 | AN43: 69 | AO43: 101 | AP43: 71 | AQ43: 92 | AR43: 103 | AS43: 102 | AT43: 123 | AU43: 88 | AV43: 99 | AW43: 90 | AX43: 89 | AY43: 105 | AZ43: 104 | BA43: 72 | BB43: 111 | BC43: 101 | BD43: 85 | BE43: 86 | BF43: 102 | BG43: 92 | BH43: 79 | BI43: 78 | BJ43: 100 | BK43: 106 | BL43: 98 | BM43: 121 | BN43: 81 | BO43: 122 | BP43: 110 | BQ43: 105 | BR43: 88 | BS43: 87 | BT43: 91 | BU43: 83 | BV43: 93 | BW43: 86 | BX43: 82 | BY43: 59 | BZ43: 65 | CA43: 88 | CB43: 78 | CC43: 106 | CD43: 77 | CE43: 98 | CF43: 90 | CG43: 79 | CH43: 93 | CI43: 89 | CJ43: 103 | CK43: 82 | CL43: 114 | CM43: 97 | CN43: 98 | CO43: 109
A44: SKU 1 - c | B44: 156 | C44: 130 | D44: 165 | E44: 153 | F44: 164 | G44: 166 | H44: 154 | I44: 162 | J44: 148 | K44: 144 | L44: 152 | M44: 159 | N44: 169 | O44: 164 | P44: 175 | Q44: 144 | R44: 160 | S44: 184 | T44: 183 | U44: 160 | V44: 149 | W44: 162 | X44: 142 | Y44: 132 | Z44: 118 | AA44: 136 | AB44: 118 | AC44: 130 | AD44: 132 | AE44: 104 | AF44: 130 | AG44: 130 | AH44: 143 | AI44: 169 | AJ44: 157 | AK44: 155 | AL44: 161 | AM44: 128 | AN44: 127 | AO44: 154 | AP44: 146 | AQ44: 150 | AR44: 167 | AS44: 180 | AT44: 156 | AU44: 156 | AV44: 144 | AW44: 112 | AX44: 155 | AY44: 154 | AZ44: 144 | BA44: 186 | BB44: 143 | BC44: 145 | BD44: 136 | BE44: 155 | BF44: 161 | BG44: 126 | BH44: 132 | BI44: 156 | BJ44: 144 | BK44: 137 | BL44: 129 | BM44: 163 | BN44: 145 | BO44: 176 | BP44: 147 | BQ44: 165 | BR44: 125 | BS44: 125 | BT44: 138 | BU44: 112 | BV44: 121 | BW44: 148 | BX44: 124 | BY44: 139 | BZ44: 135 | CA44: 95 | CB44: 125 | CC44: 154 | CD44: 151 | CE44: 144 | CF44: 121 | CG44: 133 | CH44: 149 | CI44: 141 | CJ44: 134 | CK44: 165 | CL44: 175 | CM44: 151 | CN44: 132 | CO44: 133
A45: SKU 1 - d
A46: SKU 1 - e
A47: SKU 1 - f | B47: 78 | C47: 60 | D47: 91 | E47: 73 | F47: 85 | G47: 109 | H47: 116 | I47: 145 | J47: 113 | K47: 135 | L47: 147 | M47: 122 | N47: 133 | O47: 143 | P47: 141 | Q47: 97 | R47: 104 | S47: 76 | T47: 84 | U47: 75 | V47: 120 | W47: 82 | X47: 88 | Y47: 63 | Z47: 77 | AA47: 79 | AB47: 72 | AC47: 60 | AD47: 70 | AE47: 71 | AF47: 52 | AG47: 76 | AH47: 54 | AI47: 59 | AJ47: 85 | AK47: 102 | AL47: 70 | AM47: 90 | AN47: 80 | AO47: 90 | AP47: 99 | AQ47: 104 | AR47: 87 | AS47: 66 | AT47: 75 | AU47: 73 | AV47: 56 | AW47: 71 | AX47: 78 | AY47: 120 | AZ47: 59 | BA47: 99 | BB47: 100 | BC47: 96 | BD47: 65 | BE47: 92 | BF47: 91 | BG47: 60 | BH47: 69 | BI47: 69 | BJ47: 62 | BK47: 86 | BL47: 96 | BM47: 91 | BN47: 89 | BO47: 89 | BP47: 86 | BQ47: 82 | BR47: 109 | BS47: 84 | BT47: 79 | BU47: 75 | BV47: 72 | BW47: 53 | BX47: 65 | BY47: 97 | BZ47: 67 | CA47: 64 | CB47: 76 | CC47: 90 | CD47: 96 | CE47: 94 | CF47: 85 | CG47: 97 | CH47: 77 | CI47: 84 | CJ47: 81 | CK47: 62 | CL47: 79 | CM47: 77 | CN47: 89 | CO47: 70
A48: SKU 1 - h | B48: 68 | C48: 62 | D48: 52 | E48: 47 | F48: 62 | G48: 64 | H48: 87 | I48: 107 | J48: 83 | K48: 89 | L48: 94 | M48: 98 | N48: 89 | O48: 129 | P48: 106 | Q48: 74 | R48: 70 | S48: 77 | T48: 67 | U48: 71 | V48: 85 | W48: 94 | X48: 55 | Y48: 59 | Z48: 50 | AA48: 69 | AB48: 74 | AC48: 64 | AD48: 69 | AE48: 57 | AF48: 59 | AG48: 64 | AH48: 73 | AI48: 77 | AJ48: 79 | AK48: 93 | AL48: 82 | AM48: 69 | AN48: 70 | AO48: 91 | AP48: 82 | AQ48: 98 | AR48: 107 | AS48: 55 | AT48: 76 | AU48: 66 | AV48: 70 | AW48: 66 | AX48: 66 | AY48: 68 | AZ48: 60 | BA48: 68 | BB48: 62 | BC48: 73 | BD48: 80 | BE48: 60 | BF48: 82 | BG48: 56 | BH48: 65 | BI48: 58 | BJ48: 63 | BK48: 59 | BL48: 74 | BM48: 78 | BN48: 41 | BO48: 48 | BP48: 55 | BQ48: 66 | BR48: 78 | BS48: 96 | BT48: 103 | BU48: 49 | BV48: 68 | BW48: 72 | BX48: 64 | BY48: 77 | BZ48: 75 | CA48: 65 | CB48: 64 | CC48: 47 | CD48: 69 | CE48: 65 | CF48: 61 | CG48: 71 | CH48: 71 | CI48: 56 | CJ48: 53 | CK48: 66 | CL48: 69 | CM48: 63 | CN48: 72 | CO48: 57
A49: SKU 2 - a | B49: 20 | C49: 23 | D49: 12 | E49: 14 | F49: 30 | G49: 29 | H49: 32 | I49: 46 | J49: 31 | K49: 27 | L49: 34 | M49: 32 | N49: 26 | O49: 32 | P49: 44 | Q49: 26 | R49: 40 | S49: 32 | T49: 27 | U49: 35 | V49: 30 | W49: 49 | X49: 29 | Y49: 29 | Z49: 35 | AA49: 20 | AB49: 26 | AC49: 31 | AD49: 31 | AE49: 40 | AF49: 34 | AG49: 35 | AH49: 29 | AI49: 25 | AJ49: 37 | AK49: 61 | AL49: 37 | AM49: 37 | AN49: 41 | AO49: 42 | AP49: 33 | AQ49: 44 | AR49: 43 | AS49: 31 | AT49: 41 | AU49: 28 | AV49: 33 | AW49: 31 | AX49: 41 | AY49: 62 | AZ49: 47 | BA49: 45 | BB49: 48 | BC49: 51 | BD49: 45 | BE49: 48 | BF49: 41 | BG49: 39 | BH49: 27 | BI49: 34 | BJ49: 40 | BK49: 40 | BL49: 41 | BM49: 37 | BN49: 35 | BO49: 50 | BP49: 32 | BQ49: 34 | BR49: 33 | BS49: 31 | BT49: 33 | BU49: 30 | BV49: 41 | BW49: 53 | BX49: 64 | BY49: 36 | BZ49: 24 | CA49: 34 | CB49: 36 | CC49: 33 | CD49: 42 | CE49: 46 | CF49: 24 | CG49: 46 | CH49: 47 | CI49: 31 | CJ49: 37 | CK49: 40 | CL49: 21 | CM49: 22 | CN49: 44 | CO49: 37
A50: SKU 2 - B | B50: 205 | C50: 130 | D50: 146 | E50: 145 | F50: 142 | G50: 162 | H50: 215 | I50: 187 | J50: 150 | K50: 142 | L50: 160 | M50: 175 | N50: 182 | O50: 204 | P50: 178 | Q50: 165 | R50: 187 | S50: 130 | T50: 159 | U50: 133 | V50: 159 | W50: 158 | X50: 122 | Y50: 132 | Z50: 164 | AA50: 112 | AB50: 151 | AC50: 145 | AD50: 166 | AE50: 159 | AF50: 183 | AG50: 180 | AH50: 153 | AI50: 140 | AJ50: 172 | AK50: 220 | AL50: 169 | AM50: 151 | AN50: 146 | AO50: 153 | AP50: 136 | AQ50: 165 | AR50: 210 | AS50: 167 | AT50: 137 | AU50: 130 | AV50: 133 | AW50: 124 | AX50: 154 | AY50: 200 | AZ50: 160 | BA50: 135 | BB50: 192 | BC50: 171 | BD50: 158 | BE50: 184 | BF50: 206 | BG50: 162 | BH50: 157 | BI50: 184 | BJ50: 187 | BK50: 167 | BL50: 203 | BM50: 208 | BN50: 162 | BO50: 156 | BP50: 152 | BQ50: 112 | BR50: 115 | BS50: 124 | BT50: 140 | BU50: 107 | BV50: 128 | BW50: 138 | BX50: 190 | BY50: 160 | BZ50: 154 | CA50: 142 | CB50: 161 | CC50: 217 | CD50: 190 | CE50: 222 | CF50: 213 | CG50: 215 | CH50: 237 | CI50: 189 | CJ50: 172 | CK50: 203 | CL50: 167 | CM50: 185 | CN50: 164 | CO50: 177
A51: SKU 2 - C | B51: 27 | C51: 12 | D51: 26 | E51: 25 | F51: 22 | G51: 30 | H51: 27 | I51: 26 | J51: 40 | K51: 27 | L51: 32 | M51: 28 | N51: 25 | O51: 35 | P51: 26 | Q51: 25 | R51: 15 | S51: 17 | T51: 17 | U51: 16 | V51: 22 | W51: 26 | X51: 24 | Y51: 24 | Z51: 20 | AA51: 12 | AB51: 16 | AC51: 19 | AD51: 26 | AE51: 20 | AF51: 16 | AG51: 15 | AH51: 15 | AI51: 12 | AJ51: 24 | AK51: 30 | AL51: 31 | AM51: 19 | AN51: 15 | AO51: 25 | AP51: 13 | AQ51: 27 | AR51: 28 | AS51: 18 | AT51: 29 | AU51: 17 | AV51: 26 | AW51: 19 | AX51: 28 | AY51: 26 | AZ51: 27 | BA51: 26 | BB51: 23 | BC51: 26 | BD51: 24 | BE51: 25 | BF51: 28 | BG51: 22 | BH51: 18 | BI51: 30 | BJ51: 31 | BK51: 23 | BL51: 26 | BM51: 30 | BN51: 27 | BO51: 25 | BP51: 25 | BQ51: 25 | BR51: 21 | BS51: 33 | BT51: 35 | BU51: 24 | BV51: 29 | BW51: 55 | BX51: 40 | BY51: 27 | BZ51: 21 | CA51: 19 | CB51: 28 | CC51: 38 | CD51: 33 | CE51: 30 | CF51: 27 | CG51: 22 | CH51: 20 | CI51: 19 | CJ51: 23 | CK51: 19 | CL51: 23 | CM51: 18 | CN51: 16 | CO51: 23
A52: SKU 2 - D | B52: 150 | C52: 95 | D52: 105 | E52: 96 | F52: 123 | G52: 128 | H52: 138 | I52: 135 | J52: 102 | K52: 122 | L52: 141 | M52: 115 | N52: 150 | O52: 174 | P52: 143 | Q52: 124 | R52: 116 | S52: 81 | T52: 93 | U52: 120 | V52: 114 | W52: 125 | X52: 98 | Y52: 94 | Z52: 83 | AA52: 94 | AB52: 105 | AC52: 102 | AD52: 139 | AE52: 115 | AF52: 135 | AG52: 131 | AH52: 99 | AI52: 116 | AJ52: 122 | AK52: 159 | AL52: 117 | AM52: 110 | AN52: 100 | AO52: 111 | AP52: 122 | AQ52: 146 | AR52: 172 | AS52: 114 | AT52: 101 | AU52: 79 | AV52: 100 | AW52: 83 | AX52: 108 | AY52: 138 | AZ52: 91 | BA52: 117 | BB52: 114 | BC52: 124 | BD52: 118 | BE52: 122 | BF52: 128 | BG52: 106 | BH52: 110 | BI52: 122 | BJ52: 164 | BK52: 95 | BL52: 147 | BM52: 146 | BN52: 119 | BO52: 114 | BP52: 128 | BQ52: 124 | BR52: 125 | BS52: 112 | BT52: 133 | BU52: 112 | BV52: 115 | BW52: 108 | BX52: 110 | BY52: 116 | BZ52: 98 | CA52: 94 | CB52: 102 | CC52: 129 | CD52: 119 | CE52: 129 | CF52: 136 | CG52: 136 | CH52: 146 | CI52: 111 | CJ52: 130 | CK52: 132 | CL52: 106 | CM52: 106 | CN52: 117 | CO52: 127
A53: SKU 3 - A | B53: 35 | C53: 19 | D53: 27 | E53: 26 | F53: 22 | G53: 32 | H53: 23 | I53: 30 | J53: 28 | K53: 35 | L53: 37 | M53: 27 | N53: 23 | O53: 39 | P53: 27 | Q53: 35 | R53: 45 | S53: 39 | T53: 38 | U53: 28 | V53: 23 | W53: 29 | X53: 34 | Y53: 35 | Z53: 33 | AA53: 27 | AB53: 20 | AC53: 22 | AD53: 42 | AE53: 26 | AF53: 33 | AG53: 36 | AH53: 42 | AI53: 24 | AJ53: 34 | AK53: 42 | AL53: 40 | AM53: 43 | AN53: 34 | AO53: 45 | AP53: 25 | AQ53: 43 | AR53: 55 | AS53: 46 | AT53: 51 | AU53: 49 | AV53: 63 | AW53: 43 | AX53: 41 | AY53: 52 | AZ53: 42 | BA53: 47 | BB53: 42 | BC53: 45 | BD53: 46 | BE53: 51 | BF53: 44 | BG53: 49 | BH53: 53 | BI53: 50 | BJ53: 48 | BK53: 36 | BL53: 61 | BM53: 47 | BN53: 34 | BO53: 48 | BP53: 36 | BQ53: 54 | BR53: 32 | BS53: 39 | BT53: 49 | BU53: 47 | BV53: 48 | BW53: 63 | BX53: 47 | BY53: 46 | BZ53: 41 | CA53: 40 | CB53: 63 | CC53: 62 | CD53: 56 | CE53: 60 | CF53: 47 | CG53: 50 | CH53: 60 | CI53: 50 | CJ53: 49 | CK53: 44 | CL53: 54 | CM53: 51 | CN53: 57 | CO53: 50
A54: SKU - 3 B
A55: SKU - 3 C | B55: 23 | C55: 25 | D55: 18 | E55: 24 | F55: 24 | G55: 12 | H55: 25 | I55: 22 | J55: 10 | K55: 16 | L55: 25 | M55: 19 | N55: 29 | O55: 25 | P55: 35 | Q55: 23 | R55: 33 | S55: 28 | T55: 28 | U55: 21 | V55: 30 | W55: 35 | X55: 16 | Y55: 23 | Z55: 17 | AA55: 17 | AB55: 18 | AC55: 21 | AD55: 20 | AE55: 29 | AF55: 43 | AG55: 41 | AH55: 30 | AI55: 36 | AJ55: 37 | AK55: 52 | AL55: 42 | AM55: 37 | AN55: 35 | AO55: 25 | AP55: 37 | AQ55: 35 | AR55: 35 | AS55: 24 | AT55: 25 | AU55: 22 | AV55: 33 | AW55: 35 | AX55: 40 | AY55: 41 | AZ55: 22 | BA55: 35 | BB55: 46 | BC55: 53 | BD55: 35 | BE55: 43 | BF55: 38 | BG55: 41 | BH55: 35 | BI55: 30 | BJ55: 50 | BK55: 26 | BL55: 24 | BM55: 30 | BN55: 20 | BO55: 19 | BP55: 26 | BQ55: 18 | BR55: 28 | BS55: 26 | BT55: 14 | BU55: 17 | BV55: 13 | BW55: 23 | BX55: 10 | BY55: 28 | BZ55: 13 | CA55: 21 | CB55: 23 | CC55: 31 | CD55: 21 | CE55: 23 | CF55: 19 | CG55: 28 | CH55: 26 | CI55: 22 | CJ55: 19 | CK55: 30 | CL55: 25 | CM55: 28 | CN55: 30 | CO55: 28
A56: SKU 4 - A | Z56: 1 | AA56: 1 | AB56: 1 | AC56: 4 | AD56: 6 | AF56: 10 | AG56: 19 | AH56: 21 | AI56: 30 | AJ56: 25 | AK56: 28 | AL56: 21 | AM56: 22 | AN56: 31 | AO56: 43 | AP56: 26 | AQ56: 29 | AR56: 30 | AS56: 36 | AT56: 48 | AU56: 33 | AV56: 36 | AW56: 38 | AX56: 30 | AY56: 54 | AZ56: 41 | BA56: 49 | BB56: 45 | BC56: 52 | BD56: 31 | BE56: 55 | BF56: 55 | BG56: 46 | BH56: 45 | BI56: 51 | BJ56: 47 | BK56: 44 | BL56: 38 | BM56: 62 | BN56: 40 | BO56: 37 | BP56: 38 | BQ56: 46 | BR56: 46 | BS56: 55 | BT56: 69 | BU56: 53 | BV56: 57 | BW56: 60 | BX56: 71 | BY56: 39 | BZ56: 39 | CA56: 30 | CB56: 40 | CC56: 57 | CD56: 69 | CE56: 67 | CF56: 54 | CG56: 52 | CH56: 49 | CI56: 61 | CJ56: 63 | CK56: 60 | CL56: 58 | CM56: 38 | CN56: 40 | CO56: 43
A57: SKU 4 - B | B57: 23 | C57: 25 | D57: 18 | E57: 24 | F57: 24 | G57: 12 | H57: 25 | I57: 22 | J57: 10 | K57: 16 | L57: 25 | M57: 19 | N57: 29 | O57: 25 | P57: 35 | Q57: 23 | R57: 33 | S57: 28 | T57: 28 | U57: 21 | V57: 30 | W57: 35 | X57: 16 | Y57: 23 | Z57: 17 | AA57: 17 | AB57: 18 | AC57: 21 | AD57: 20 | AE57: 29 | AF57: 43 | AG57: 41 | AH57: 30 | AI57: 36 | AJ57: 37 | AK57: 52 | AL57: 42 | AM57: 37 | AN57: 35 | AO57: 25 | AP57: 37 | AQ57: 35 | AR57: 35 | AS57: 24 | AT57: 25 | AU57: 22 | AV57: 33 | AW57: 35 | AX57: 40 | AY57: 41 | AZ57: 22 | BA57: 35 | BB57: 46 | BC57: 53 | BD57: 35 | BE57: 43 | BF57: 38 | BG57: 41 | BH57: 35 | BI57: 30 | BJ57: 50 | BK57: 26 | BL57: 24 | BM57: 30 | BN57: 20 | BO57: 19 | BP57: 26 | BQ57: 18 | BR57: 28 | BS57: 26 | BT57: 14 | BU57: 17 | BV57: 13 | BW57: 23 | BX57: 10 | BY57: 28 | BZ57: 13 | CA57: 21 | CB57: 23 | CC57: 31 | CD57: 21 | CE57: 23 | CF57: 19 | CG57: 28 | CH57: 26 | CI57: 22 | CJ57: 19 | CK57: 30 | CL57: 25 | CM57: 28 | CN57: 30 | CO57: 28
A59: Platform D | B59: Column1 | C59: Column2 | D59: Column3 | E59: Column4 | F59: Column5 | G59: Column6 | H59: Column7 | I59: Column8 | J59: Column9 | K59: Column10 | L59: Column11 | M59: Column12 | N59: Column13 | O59: Column14 | P59: Column15 | Q59: Column16 | R59: Column17 | S59: Column18 | T59: Column19 | U59: Column20 | V59: Column21 | W59: Column22 | X59: Column23 | Y59: Column24 | Z59: Column25 | AA59: Column26 | AB59: Column27 | AC59: Column28 | AD59: Column29 | AE59: Column30 | AF59: Column31 | AG59: Column32 | AH59: Column33 | AI59: Column34 | AJ59: Column35 | AK59: Column36 | AL59: Column37 | AM59: Column38 | AN59: Column39 | AO59: Column40 | AP59: Column41 | AQ59: Column42 | AR59: Column43 | AS59: Column44 | AT59: Column45 | AU59: Column46 | AV59: Column47 | AW59: Column48 | AX59: Column49 | AY59: Column50 | AZ59: Column51 | BA59: Column52 | BB59: Column53 | BC59: Column54 | BD59: Column55 | BE59: Column56 | BF59: Column57 | BG59: Column58 | BH59: Column59 | BI59: Column60 | BJ59: Column61 | BK59: Column62 | BL59: Column63 | BM59: Column64 | BN59: Column65 | BO59: Column66 | BP59: Column67 | BQ59: Column68 | BR59: Column69 | BS59: Column70 | BT59: Column71 | BU59: Column72 | BV59: Column73 | BW59: Column74 | BX59: Column75 | BY59: Column76 | BZ59: Column77 | CA59: Column78 | CB59: Column79 | CC59: Column80 | CD59: Column81 | CE59: Column82 | CF59: Column83 | CG59: Column84 | CH59: Column85 | CI59: Column86 | CJ59: Column87 | CK59: Column88 | CL59: Column89 | CM59: Column90 | CN59: Column91 | CO59: Column92
A60: SKU | B60: 01-Jun | C60: 02-Jun | D60: 03-Jun | E60: 04-Jun | F60: 05-Jun | G60: 06-Jun | H60: 07-Jun | I60: 08-Jun | J60: 09-Jun | K60: 10-Jun | L60: 11-Jun | M60: 12-Jun | N60: 13-Jun | O60: 14-Jun | P60: 15-Jun | Q60: 16-Jun | R60: 17-Jun | S60: 18-Jun | T60: 19-Jun | U60: 20-Jun | V60: 21-Jun | W60: 22-Jun | X60: 23-Jun | Y60: 24-Jun | Z60: 25-Jun | AA60: 26-Jun | AB60: 27-Jun | AC60: 28-Jun | AD60: 29-Jun | AE60: 30-Jun | AF60: 01-Jul | AG60: 02-Jul | AH60: 03-Jul | AI60: 04-Jul | AJ60: 05-Jul | AK60: 06-Jul | AL60: 07-Jul | AM60: 08-Jul | AN60: 09-Jul | AO60: 10-Jul | AP60: 11-Jul | AQ60: 12-Jul | AR60: 13-Jul | AS60: 14-Jul | AT60: 15-Jul | AU60: 16-Jul | AV60: 17-Jul | AW60: 18-Jul | AX60: 19-Jul | AY60: 20-Jul | AZ60: 21-Jul | BA60: 22-Jul | BB60: 23-Jul | BC60: 24-Jul | BD60: 25-Jul | BE60: 26-Jul | BF60: 27-Jul | BG60: 28-Jul | BH60: 29-Jul | BI60: 30-Jul | BJ60: 31-Jul | BK60: 01-Aug | BL60: 02-Aug | BM60: 03-Aug | BN60: 04-Aug | BO60: 05-Aug | BP60: 06-Aug | BQ60: 07-Aug | BR60: 08-Aug | BS60: 09-Aug | BT60: 10-Aug | BU60: 11-Aug | BV60: 12-Aug | BW60: 13-Aug | BX60: 14-Aug | BY60: 15-Aug | BZ60: 16-Aug | CA60: 17-Aug | CB60: 18-Aug | CC60: 19-Aug | CD60: 20-Aug | CE60: 21-Aug | CF60: 22-Aug | CG60: 23-Aug | CH60: 24-Aug | CI60: 25-Aug | CJ60: 26-Aug | CK60: 27-Aug | CL60: 28-Aug | CM60: 29-Aug | CN60: 30-Aug | CO60: 31-Aug
A61: SKU 1 - a | AR61: 174 | AS61: 208 | AT61: 202 | AU61: 201 | AV61: 198 | AW61: 211 | AX61: 188 | AY61: 239 | AZ61: 169 | BA61: 213 | BB61: 200 | BC61: 188 | BD61: 196 | BE61: 220 | BF61: 222 | BG61: 169 | BH61: 177 | BI61: 186 | BJ61: 213 | BK61: 208 | BL61: 216 | BM61: 225 | CG61: 1 | CI61: 1 | CJ61: 2 | CK61: 6 | CL61: 6 | CM61: 3 | CN61: 15 | CO61: 6
A62: SKU 1 - b | AR62: 239 | AS62: 285 | AT62: 267 | AU62: 281 | AV62: 269 | AW62: 303 | AX62: 303 | AY62: 315 | AZ62: 269 | BA62: 231 | BB62: 285 | BC62: 285 | BD62: 312 | BE62: 308 | BF62: 313 | BG62: 265 | BH62: 299 | BI62: 284 | BJ62: 282 | BK62: 298 | BL62: 316 | BM62: 329 | CG62: 79 | CH62: 93 | CI62: 89 | CJ62: 103 | CK62: 82 | CL62: 114 | CM62: 97 | CN62: 98 | CO62: 109
A63: SKU 1 - c | AR63: 471 | AS63: 541 | AT63: 475 | AU63: 536 | AV63: 467 | AW63: 521 | AX63: 493 | AY63: 568 | AZ63: 501 | BA63: 572 | BB63: 540 | BC63: 478 | BD63: 589 | BE63: 485 | BF63: 552 | BG63: 469 | BH63: 531 | BI63: 468 | BJ63: 531 | BK63: 543 | BL63: 538 | BM63: 578 | CG63: 133 | CH63: 149 | CI63: 141 | CJ63: 134 | CK63: 165 | CL63: 175 | CM63: 151 | CN63: 132 | CO63: 133
A64: SKU 1 - d
A65: SKU 1 - e
A66: SKU 1 - f | AR66: 245 | AS66: 238 | AT66: 269 | AU66: 271 | AV66: 170 | AW66: 205 | AX66: 200 | AY66: 239 | AZ66: 205 | BA66: 289 | BB66: 289 | BC66: 205 | BD66: 213 | BE66: 190 | BF66: 236 | BG66: 225 | BH66: 259 | BI66: 277 | BJ66: 202 | BK66: 185 | BL66: 164 | BM66: 187 | CG66: 97 | CH66: 77 | CI66: 84 | CJ66: 81 | CK66: 62 | CL66: 79 | CM66: 77 | CN66: 89 | CO66: 70
A67: SKU 1 - h | AR67: 180 | AS67: 234 | AT67: 260 | AU67: 265 | AV67: 189 | AW67: 183 | AX67: 176 | AY67: 179 | AZ67: 193 | BA67: 250 | BB67: 227 | BC67: 175 | BD67: 209 | BE67: 142 | BF67: 182 | BG67: 198 | BH67: 224 | BI67: 242 | BJ67: 182 | BK67: 133 | BL67: 156 | BM67: 186 | CG67: 71 | CH67: 71 | CI67: 56 | CJ67: 53 | CK67: 66 | CL67: 69 | CM67: 63 | CN67: 72 | CO67: 57
A68: SKU 2 - a | AR68: 86 | AS68: 94 | AT68: 99 | AU68: 121 | AV68: 108 | AW68: 102 | AX68: 96 | AY68: 121 | AZ68: 104 | BA68: 109 | BB68: 119 | BC68: 96 | BD68: 96 | BE68: 96 | BF68: 96 | BG68: 95 | BH68: 112 | BI68: 110 | BJ68: 107 | BK68: 111 | BL68: 90 | BM68: 110 | CG68: 46 | CH68: 47 | CI68: 31 | CJ68: 37 | CK68: 40 | CL68: 21 | CM68: 22 | CN68: 44 | CO68: 37
A69: SKU 2 - B | AR69: 207 | AS69: 196 | AT69: 228 | AU69: 255 | AV69: 200 | AW69: 207 | AX69: 204 | AY69: 271 | AZ69: 212 | BA69: 242 | BB69: 265 | BC69: 215 | BD69: 194 | BE69: 227 | BF69: 214 | BG69: 202 | BH69: 225 | BI69: 281 | BJ69: 223 | BK69: 227 | BL69: 192 | BM69: 235 | CG69: 215 | CH69: 237 | CI69: 189 | CJ69: 172 | CK69: 203 | CL69: 167 | CM69: 185 | CN69: 164 | CO69: 177
A70: SKU 2 - C | AR70: 110 | AS70: 83 | AT70: 120 | AU70: 126 | AV70: 98 | AW70: 86 | AX70: 98 | AY70: 102 | AZ70: 112 | BA70: 77 | BB70: 105 | BC70: 110 | BD70: 86 | BE70: 96 | BF70: 99 | BG70: 86 | BH70: 97 | BI70: 109 | BJ70: 95 | BK70: 83 | BL70: 109 | BM70: 95 | CG70: 22 | CH70: 20 | CI70: 19 | CJ70: 23 | CK70: 19 | CL70: 23 | CM70: 18 | CN70: 16 | CO70: 23
A71: SKU 2 - D | AR71: 222 | AS71: 214 | AT71: 226 | AU71: 276 | AV71: 214 | AW71: 190 | AX71: 193 | AY71: 274 | AZ71: 223 | BA71: 244 | BB71: 247 | BC71: 229 | BD71: 239 | BE71: 213 | BF71: 245 | BG71: 210 | BH71: 254 | BI71: 234 | BJ71: 228 | BK71: 246 | BL71: 219 | BM71: 216 | CG71: 136 | CH71: 146 | CI71: 111 | CJ71: 130 | CK71: 132 | CL71: 106 | CM71: 106 | CN71: 117 | CO71: 127
A72: SKU 3 - A | CG72: 50 | CH72: 60 | CI72: 50 | CJ72: 49 | CK72: 44 | CL72: 54 | CM72: 51 | CN72: 57 | CO72: 50
A73: SKU - 3 B | AR73: 209 | AS73: 147 | AT73: 176 | AU73: 166 | AV73: 190 | AW73: 189 | AX73: 164 | AY73: 219 | AZ73: 158 | BA73: 180 | BB73: 166 | BC73: 147 | BD73: 162 | BE73: 157 | BF73: 187 | BG73: 154 | BH73: 178 | BI73: 191 | BJ73: 152 | BK73: 183 | BL73: 188 | BM73: 195
A74: SKU - 3 C | CG74: 28 | CH74: 26 | CI74: 22 | CJ74: 19 | CK74: 30 | CL74: 25 | CM74: 28 | CN74: 30 | CO74: 28
A75: SKU 4 - A | CG75: 52 | CH75: 49 | CI75: 61 | CJ75: 63 | CK75: 60 | CL75: 58 | CM75: 38 | CN75: 40 | CO75: 43
A76: SKU 4 - B | CG76: 28 | CH76: 26 | CI76: 22 | CJ76: 19 | CK76: 30 | CL76: 25 | CM76: 28 | CN76: 30 | CO76: 28
A78: Platform E | B78: Column1 | C78: Column2 | D78: Column3 | E78: Column4 | F78: Column5 | G78: Column6 | H78: Column7 | I78: Column8 | J78: Column9 | K78: Column10 | L78: Column11 | M78: Column12 | N78: Column13 | O78: Column14 | P78: Column15 | Q78: Column16 | R78: Column17 | S78: Column18 | T78: Column19 | U78: Column20 | V78: Column21 | W78: Column22 | X78: Column23 | Y78: Column24 | Z78: Column25 | AA78: Column26 | AB78: Column27 | AC78: Column28 | AD78: Column29 | AE78: Column30 | AF78: Column31 | AG78: Column32 | AH78: Column33 | AI78: Column34 | AJ78: Column35 | AK78: Column36 | AL78: Column37 | AM78: Column38 | AN78: Column39 | AO78: Column40 | AP78: Column41 | AQ78: Column42 | AR78: Column43 | AS78: Column44 | AT78: Column45 | AU78: Column46 | AV78: Column47 | AW78: Column48 | AX78: Column49 | AY78: Column50 | AZ78: Column51 | BA78: Column52 | BB78: Column53 | BC78: Column54 | BD78: Column55 | BE78: Column56 | BF78: Column57 | BG78: Column58 | BH78: Column59 | BI78: Column60 | BJ78: Column61 | BK78: Column62 | BL78: Column63 | BM78: Column64 | BN78: Column65 | BO78: Column66 | BP78: Column67 | BQ78: Column68 | BR78: Column69 | BS78: Column70 | BT78: Column71 | BU78: Column72 | BV78: Column73 | BW78: Column74 | BX78: Column75 | BY78: Column76 | BZ78: Column77 | CA78: Column78 | CB78: Column79 | CC78: Column80 | CD78: Column81 | CE78: Column82 | CF78: Column83 | CG78: Column84 | CH78: Column85 | CI78: Column86 | CJ78: Column87 | CK78: Column88 | CL78: Column89 | CM78: Column90 | CN78: Column91 | CO78: Column92
A79: SKU | B79: 01-Jun | C79: 02-Jun | D79: 03-Jun | E79: 04-Jun | F79: 05-Jun | G79: 06-Jun | H79: 07-Jun | I79: 08-Jun | J79: 09-Jun | K79: 10-Jun | L79: 11-Jun | M79: 12-Jun | N79: 13-Jun | O79: 14-Jun | P79: 15-Jun | Q79: 16-Jun | R79: 17-Jun | S79: 18-Jun | T79: 19-Jun | U79: 20-Jun | V79: 21-Jun | W79: 22-Jun | X79: 23-Jun | Y79: 24-Jun | Z79: 25-Jun | AA79: 26-Jun | AB79: 27-Jun | AC79: 28-Jun | AD79: 29-Jun | AE79: 30-Jun | AF79: 01-Jul | AG79: 02-Jul | AH79: 03-Jul | AI79: 04-Jul | AJ79: 05-Jul | AK79: 06-Jul | AL79: 07-Jul | AM79: 08-Jul | AN79: 09-Jul | AO79: 10-Jul | AP79: 11-Jul | AQ79: 12-Jul | AR79: 13-Jul | AS79: 14-Jul | AT79: 15-Jul | AU79: 16-Jul | AV79: 17-Jul | AW79: 18-Jul | AX79: 19-Jul | AY79: 20-Jul | AZ79: 21-Jul | BA79: 22-Jul | BB79: 23-Jul | BC79: 24-Jul | BD79: 25-Jul | BE79: 26-Jul | BF79: 27-Jul | BG79: 28-Jul | BH79: 29-Jul | BI79: 30-Jul | BJ79: 31-Jul | BK79: 01-Aug | BL79: 02-Aug | BM79: 03-Aug | BN79: 04-Aug | BO79: 05-Aug | BP79: 06-Aug | BQ79: 07-Aug | BR79: 08-Aug | BS79: 09-Aug | BT79: 10-Aug | BU79: 11-Aug | BV79: 12-Aug | BW79: 13-Aug | BX79: 14-Aug | BY79: 15-Aug | BZ79: 16-Aug | CA79: 17-Aug | CB79: 18-Aug | CC79: 19-Aug | CD79: 20-Aug | CE79: 21-Aug | CF79: 22-Aug | CG79: 23-Aug | CH79: 24-Aug | CI79: 25-Aug | CJ79: 26-Aug | CK79: 27-Aug | CL79: 28-Aug | CM79: 29-Aug | CN79: 30-Aug | CO79: 31-Aug
A80: SKU 1 - a | B80: 240 | C80: 285 | D80: 205 | E80: 257 | F80: 218 | G80: 188 | H80: 247 | V80: 240 | W80: 285 | X80: 205 | Y80: 257 | Z80: 218 | AA80: 188 | AB80: 247 | AG80: 174 | AH80: 208 | AI80: 202 | AJ80: 201 | AK80: 198 | AL80: 211 | AM80: 188 | AN80: 239 | AO80: 169 | AP80: 213 | AQ80: 200 | AR80: 188 | AS80: 196 | AT80: 220 | AU80: 222 | AV80: 169 | AW80: 177 | AX80: 186 | AY80: 213 | AZ80: 208 | BA80: 216 | BB80: 225 | CB80: 1 | CD80: 1 | CE80: 2 | CF80: 6 | CG80: 6 | CH80: 3 | CI80: 15 | CJ80: 6
A81: SKU 1 - b | B81: 282 | C81: 286 | D81: 276 | E81: 279 | F81: 278 | G81: 260 | H81: 300 | V81: 282 | W81: 286 | X81: 276 | Y81: 279 | Z81: 278 | AA81: 260 | AB81: 300 | AG81: 239 | AH81: 285 | AI81: 267 | AJ81: 281 | AK81: 269 | AL81: 303 | AM81: 303 | AN81: 315 | AO81: 269 | AP81: 231 | AQ81: 285 | AR81: 285 | AS81: 312 | AT81: 308 | AU81: 313 | AV81: 265 | AW81: 299 | AX81: 284 | AY81: 282 | AZ81: 298 | BA81: 316 | BB81: 329 | CB81: 79 | CC81: 93 | CD81: 89 | CE81: 103 | CF81: 82 | CG81: 114 | CH81: 97 | CI81: 98 | CJ81: 109
A82: SKU 1 - c | B82: 544 | C82: 491 | D82: 532 | E82: 562 | F82: 495 | G82: 512 | H82: 540 | V82: 544 | W82: 491 | X82: 532 | Y82: 562 | Z82: 495 | AA82: 512 | AB82: 540 | AG82: 471 | AH82: 541 | AI82: 475 | AJ82: 536 | AK82: 467 | AL82: 521 | AM82: 493 | AN82: 568 | AO82: 501 | AP82: 572 | AQ82: 540 | AR82: 478 | AS82: 589 | AT82: 485 | AU82: 552 | AV82: 469 | AW82: 531 | AX82: 468 | AY82: 531 | AZ82: 543 | BA82: 538 | BB82: 578 | CB82: 133 | CC82: 149 | CD82: 141 | CE82: 134 | CF82: 165 | CG82: 175 | CH82: 151 | CI82: 132 | CJ82: 133
A83: SKU 1 - d | B83: 80 | C83: 72 | D83: 121 | E83: 108 | F83: 152 | G83: 154 | H83: 208 | V83: 80 | W83: 72 | X83: 121 | Y83: 108 | Z83: 152 | AA83: 154 | AB83: 208
A84: SKU 1 - e | B84: 56 | C84: 59 | D84: 59 | E84: 74 | F84: 112 | G84: 119 | H84: 147 | V84: 56 | W84: 59 | X84: 59 | Y84: 74 | Z84: 112 | AA84: 119 | AB84: 147
A85: SKU 1 - f | B85: 192 | C85: 203 | D85: 223 | E85: 230 | F85: 202 | G85: 239 | H85: 278 | V85: 192 | W85: 203 | X85: 223 | Y85: 230 | Z85: 202 | AA85: 239 | AB85: 278 | AG85: 245 | AH85: 238 | AI85: 269 | AJ85: 271 | AK85: 170 | AL85: 205 | AM85: 200 | AN85: 239 | AO85: 205 | AP85: 289 | AQ85: 289 | AR85: 205 | AS85: 213 | AT85: 190 | AU85: 236 | AV85: 225 | AW85: 259 | AX85: 277 | AY85: 202 | AZ85: 185 | BA85: 164 | BB85: 187 | CB85: 97 | CC85: 77 | CD85: 84 | CE85: 81 | CF85: 62 | CG85: 79 | CH85: 77 | CI85: 89 | CJ85: 70
A86: SKU 1 - h | B86: 171 | C86: 164 | D86: 212 | E86: 238 | F86: 197 | G86: 278 | H86: 291 | V86: 171 | W86: 164 | X86: 212 | Y86: 238 | Z86: 197 | AA86: 278 | AB86: 291 | AG86: 180 | AH86: 234 | AI86: 260 | AJ86: 265 | AK86: 189 | AL86: 183 | AM86: 176 | AN86: 179 | AO86: 193 | AP86: 250 | AQ86: 227 | AR86: 175 | AS86: 209 | AT86: 142 | AU86: 182 | AV86: 198 | AW86: 224 | AX86: 242 | AY86: 182 | AZ86: 133 | BA86: 156 | BB86: 186 | CB86: 71 | CC86: 71 | CD86: 56 | CE86: 53 | CF86: 66 | CG86: 69 | CH86: 63 | CI86: 72 | CJ86: 57
A87: SKU 2 - a | B87: 120 | C87: 141 | D87: 158 | E87: 134 | F87: 144 | G87: 183 | H87: 156 | V87: 120 | W87: 141 | X87: 158 | Y87: 134 | Z87: 144 | AA87: 183 | AB87: 156 | AG87: 86 | AH87: 94 | AI87: 99 | AJ87: 121 | AK87: 108 | AL87: 102 | AM87: 96 | AN87: 121 | AO87: 104 | AP87: 109 | AQ87: 119 | AR87: 96 | AS87: 96 | AT87: 96 | AU87: 96 | AV87: 95 | AW87: 112 | AX87: 110 | AY87: 107 | AZ87: 111 | BA87: 90 | BB87: 110 | CB87: 46 | CC87: 47 | CD87: 31 | CE87: 37 | CF87: 40 | CG87: 21 | CH87: 22 | CI87: 44 | CJ87: 37
A88: SKU 2 - B | B88: 148 | C88: 171 | D88: 175 | E88: 174 | F88: 171 | G88: 181 | H88: 230 | V88: 148 | W88: 171 | X88: 175 | Y88: 174 | Z88: 171 | AA88: 181 | AB88: 230 | AG88: 207 | AH88: 196 | AI88: 228 | AJ88: 255 | AK88: 200 | AL88: 207 | AM88: 204 | AN88: 271 | AO88: 212 | AP88: 242 | AQ88: 265 | AR88: 215 | AS88: 194 | AT88: 227 | AU88: 214 | AV88: 202 | AW88: 225 | AX88: 281 | AY88: 223 | AZ88: 227 | BA88: 192 | BB88: 235 | CB88: 215 | CC88: 237 | CD88: 189 | CE88: 172 | CF88: 203 | CG88: 167 | CH88: 185 | CI88: 164 | CJ88: 177
A89: SKU 2 - C | B89: 134 | C89: 148 | D89: 126 | E89: 130 | F89: 141 | G89: 155 | H89: 140 | V89: 134 | W89: 148 | X89: 126 | Y89: 130 | Z89: 141 | AA89: 155 | AB89: 140 | AG89: 110 | AH89: 83 | AI89: 120 | AJ89: 126 | AK89: 98 | AL89: 86 | AM89: 98 | AN89: 102 | AO89: 112 | AP89: 77 | AQ89: 105 | AR89: 110 | AS89: 86 | AT89: 96 | AU89: 99 | AV89: 86 | AW89: 97 | AX89: 109 | AY89: 95 | AZ89: 83 | BA89: 109 | BB89: 95 | CB89: 22 | CC89: 20 | CD89: 19 | CE89: 23 | CF89: 19 | CG89: 23 | CH89: 18 | CI89: 16 | CJ89: 23
A90: SKU 2 - D | B90: 243 | C90: 210 | D90: 222 | E90: 186 | F90: 222 | G90: 229 | H90: 325 | V90: 243 | W90: 210 | X90: 222 | Y90: 186 | Z90: 222 | AA90: 229 | AB90: 325 | AG90: 222 | AH90: 214 | AI90: 226 | AJ90: 276 | AK90: 214 | AL90: 190 | AM90: 193 | AN90: 274 | AO90: 223 | AP90: 244 | AQ90: 247 | AR90: 229 | AS90: 239 | AT90: 213 | AU90: 245 | AV90: 210 | AW90: 254 | AX90: 234 | AY90: 228 | AZ90: 246 | BA90: 219 | BB90: 216 | CB90: 136 | CC90: 146 | CD90: 111 | CE90: 130 | CF90: 132 | CG90: 106 | CH90: 106 | CI90: 117 | CJ90: 127
A91: SKU 3 - A | B91: 39 | C91: 41 | D91: 44 | E91: 51 | F91: 48 | G91: 54 | H91: 40 | V91: 39 | W91: 41 | X91: 44 | Y91: 51 | Z91: 48 | AA91: 54 | AB91: 40 | CB91: 50 | CC91: 60 | CD91: 50 | CE91: 49 | CF91: 44 | CG91: 54 | CH91: 51 | CI91: 57 | CJ91: 50
A92: SKU - 3 B | B92: 184 | C92: 202 | D92: 204 | E92: 235 | F92: 215 | G92: 193 | H92: 234 | V92: 184 | W92: 202 | X92: 204 | Y92: 235 | Z92: 215 | AA92: 193 | AB92: 234 | AG92: 209 | AH92: 147 | AI92: 176 | AJ92: 166 | AK92: 190 | AL92: 189 | AM92: 164 | AN92: 219 | AO92: 158 | AP92: 180 | AQ92: 166 | AR92: 147 | AS92: 162 | AT92: 157 | AU92: 187 | AV92: 154 | AW92: 178 | AX92: 191 | AY92: 152 | AZ92: 183 | BA92: 188 | BB92: 195
A93: SKU - 3 C | B93: 8 | C93: 6 | D93: 6 | E93: 5 | F93: 5 | G93: 7 | H93: 6 | V93: 8 | W93: 6 | X93: 6 | Y93: 5 | Z93: 5 | AA93: 7 | AB93: 6 | CB93: 28 | CC93: 26 | CD93: 22 | CE93: 19 | CF93: 30 | CG93: 25 | CH93: 28 | CI93: 30 | CJ93: 28
A94: SKU 4 - A | CB94: 52 | CC94: 49 | CD94: 61 | CE94: 63 | CF94: 60 | CG94: 58 | CH94: 38 | CI94: 40 | CJ94: 43
A95: SKU 4 - B | CB95: 28 | CC95: 26 | CD95: 22 | CE95: 19 | CF95: 30 | CG95: 25 | CH95: 28 | CI95: 30 | CJ95: 28
A97: AMAZON NOW F | B97: Column1 | C97: Column2 | D97: Column3 | E97: Column4 | F97: Column5 | G97: Column6 | H97: Column7 | I97: Column8 | J97: Column9 | K97: Column10 | L97: Column11 | M97: Column12 | N97: Column13 | O97: Column14 | P97: Column15 | Q97: Column16 | R97: Column17 | S97: Column18 | T97: Column19 | U97: Column20 | V97: Column21 | W97: Column22 | X97: Column23 | Y97: Column24 | Z97: Column25 | AA97: Column26 | AB97: Column27 | AC97: Column28 | AD97: Column29 | AE97: Column30 | AF97: Column31 | AG97: Column32 | AH97: Column33 | AI97: Column34 | AJ97: Column35 | AK97: Column36 | AL97: Column37 | AM97: Column38 | AN97: Column39 | AO97: Column40 | AP97: Column41 | AQ97: Column42 | AR97: Column43 | AS97: Column44 | AT97: Column45 | AU97: Column46 | AV97: Column47 | AW97: Column48 | AX97: Column49 | AY97: Column50 | AZ97: Column51 | BA97: Column52 | BB97: Column53 | BC97: Column54 | BD97: Column55 | BE97: Column56 | BF97: Column57 | BG97: Column58 | BH97: Column59 | BI97: Column60 | BJ97: Column61 | BK97: Column62 | BL97: Column63 | BM97: Column64 | BN97: Column65 | BO97: Column66 | BP97: Column67 | BQ97: Column68 | BR97: Column69 | BS97: Column70 | BT97: Column71 | BU97: Column72 | BV97: Column73 | BW97: Column74 | BX97: Column75 | BY97: Column76 | BZ97: Column77 | CA97: Column78 | CB97: Column79 | CC97: Column80 | CD97: Column81 | CE97: Column82 | CF97: Column83 | CG97: Column84 | CH97: Column85 | CI97: Column86 | CJ97: Column87 | CK97: Column88 | CL97: Column89 | CM97: Column90 | CN97: Column91 | CO97: Column92
A98: SKU | B98: 01-Jun | C98: 02-Jun | D98: 03-Jun | E98: 04-Jun | F98: 05-Jun | G98: 06-Jun | H98: 07-Jun | I98: 08-Jun | J98: 09-Jun | K98: 10-Jun | L98: 11-Jun | M98: 12-Jun | N98: 13-Jun | O98: 14-Jun | P98: 15-Jun | Q98: 16-Jun | R98: 17-Jun | S98: 18-Jun | T98: 19-Jun | U98: 20-Jun | V98: 21-Jun | W98: 22-Jun | X98: 23-Jun | Y98: 24-Jun | Z98: 25-Jun | AA98: 26-Jun | AB98: 27-Jun | AC98: 28-Jun | AD98: 29-Jun | AE98: 30-Jun | AF98: 01-Jul | AG98: 02-Jul | AH98: 03-Jul | AI98: 04-Jul | AJ98: 05-Jul | AK98: 06-Jul | AL98: 07-Jul | AM98: 08-Jul | AN98: 09-Jul | AO98: 10-Jul | AP98: 11-Jul | AQ98: 12-Jul | AR98: 13-Jul | AS98: 14-Jul | AT98: 15-Jul | AU98: 16-Jul | AV98: 17-Jul | AW98: 18-Jul | AX98: 19-Jul | AY98: 20-Jul | AZ98: 21-Jul | BA98: 22-Jul | BB98: 23-Jul | BC98: 24-Jul | BD98: 25-Jul | BE98: 26-Jul | BF98: 27-Jul | BG98: 28-Jul | BH98: 29-Jul | BI98: 30-Jul | BJ98: 31-Jul | BK98: 01-Aug | BL98: 02-Aug | BM98: 03-Aug | BN98: 04-Aug | BO98: 05-Aug | BP98: 06-Aug | BQ98: 07-Aug | BR98: 08-Aug | BS98: 09-Aug | BT98: 10-Aug | BU98: 11-Aug | BV98: 12-Aug | BW98: 13-Aug | BX98: 14-Aug | BY98: 15-Aug | BZ98: 16-Aug | CA98: 17-Aug | CB98: 18-Aug | CC98: 19-Aug | CD98: 20-Aug | CE98: 21-Aug | CF98: 22-Aug | CG98: 23-Aug | CH98: 24-Aug | CI98: 25-Aug | CJ98: 26-Aug | CK98: 27-Aug | CL98: 28-Aug | CM98: 29-Aug | CN98: 30-Aug | CO98: 31-Aug
A99: SKU 1 - a | Q99: 240 | R99: 285 | S99: 205 | T99: 257 | U99: 218 | V99: 188 | W99: 247 | AL99: 240 | AM99: 285 | AN99: 205 | AO99: 257 | AP99: 218 | AQ99: 188 | AR99: 247 | BA99: 240 | BB99: 285 | BC99: 205 | BD99: 257 | BE99: 218 | BF99: 188 | BG99: 247 | CG99: 1 | CI99: 1 | CJ99: 2 | CK99: 6 | CL99: 6 | CM99: 3 | CN99: 15 | CO99: 6
A100: SKU 1 - b | Q100: 282 | R100: 286 | S100: 276 | T100: 279 | U100: 278 | V100: 260 | W100: 300 | AL100: 282 | AM100: 286 | AN100: 276 | AO100: 279 | AP100: 278 | AQ100: 260 | AR100: 300 | BA100: 282 | BB100: 286 | BC100: 276 | BD100: 279 | BE100: 278 | BF100: 260 | BG100: 300 | CG100: 79 | CH100: 93 | CI100: 89 | CJ100: 103 | CK100: 82 | CL100: 114 | CM100: 97 | CN100: 98 | CO100: 109
A101: SKU 1 - c | Q101: 544 | R101: 491 | S101: 532 | T101: 562 | U101: 495 | V101: 512 | W101: 540 | AL101: 544 | AM101: 491 | AN101: 532 | AO101: 562 | AP101: 495 | AQ101: 512 | AR101: 540 | BA101: 544 | BB101: 491 | BC101: 532 | BD101: 562 | BE101: 495 | BF101: 512 | BG101: 540 | CG101: 133 | CH101: 149 | CI101: 141 | CJ101: 134 | CK101: 165 | CL101: 175 | CM101: 151 | CN101: 132 | CO101: 133
A102: SKU 1 - d | Q102: 80 | R102: 72 | S102: 121 | T102: 108 | U102: 152 | V102: 154 | W102: 208 | AL102: 80 | AM102: 72 | AN102: 121 | AO102: 108 | AP102: 152 | AQ102: 154 | AR102: 208 | BA102: 80 | BB102: 72 | BC102: 121 | BD102: 108 | BE102: 152 | BF102: 154 | BG102: 208
A103: SKU 1 - e | Q103: 56 | R103: 59 | S103: 59 | T103: 74 | U103: 112 | V103: 119 | W103: 147 | AL103: 56 | AM103: 59 | AN103: 59 | AO103: 74 | AP103: 112 | AQ103: 119 | AR103: 147 | BA103: 56 | BB103: 59 | BC103: 59 | BD103: 74 | BE103: 112 | BF103: 119 | BG103: 147
A104: SKU 1 - f | Q104: 192 | R104: 203 | S104: 223 | T104: 230 | U104: 202 | V104: 239 | W104: 278 | AL104: 192 | AM104: 203 | AN104: 223 | AO104: 230 | AP104: 202 | AQ104: 239 | AR104: 278 | BA104: 192 | BB104: 203 | BC104: 223 | BD104: 230 | BE104: 202 | BF104: 239 | BG104: 278 | CG104: 97 | CH104: 77 | CI104: 84 | CJ104: 81 | CK104: 62 | CL104: 79 | CM104: 77 | CN104: 89 | CO104: 70
A105: SKU 1 - h | Q105: 171 | R105: 164 | S105: 212 | T105: 238 | U105: 197 | V105: 278 | W105: 291 | AL105: 171 | AM105: 164 | AN105: 212 | AO105: 238 | AP105: 197 | AQ105: 278 | AR105: 291 | BA105: 171 | BB105: 164 | BC105: 212 | BD105: 238 | BE105: 197 | BF105: 278 | BG105: 291 | CG105: 71 | CH105: 71 | CI105: 56 | CJ105: 53 | CK105: 66 | CL105: 69 | CM105: 63 | CN105: 72 | CO105: 57
A106: SKU 2 - a | Q106: 120 | R106: 141 | S106: 158 | T106: 134 | U106: 144 | V106: 183 | W106: 156 | AL106: 120 | AM106: 141 | AN106: 158 | AO106: 134 | AP106: 144 | AQ106: 183 | AR106: 156 | BA106: 120 | BB106: 141 | BC106: 158 | BD106: 134 | BE106: 144 | BF106: 183 | BG106: 156 | CG106: 46 | CH106: 47 | CI106: 31 | CJ106: 37 | CK106: 40 | CL106: 21 | CM106: 22 | CN106: 44 | CO106: 37
...

Sheet Supporting Analysis
A1: Blended Sales Trend | E1: Monthly Sales | I1: Platform Total | M1: Platform vs Date | W1: Top SKU | AA1: Growth % – EACH CHANNEL (WoW)
A3: Row Labels | B3: Sum of Sales | E3: Row Labels | F3: Sum of Sales | I3: Row Labels | J3: Sum of Sales | M3: Sum of Sales | N3: Column Labels | W3: Row Labels | X3: Sum of Sales | AA3: Sum of Sales2 | AB3: Column Labels
A4: 45444 | B4: 6219 | E4: Jun | F4: 157290 | I4: AMAZON NOW F | J4: 64160 | M4: Row Labels | N4: AMAZON NOW F | O4: Platform A | P4: Platform B | Q4: Platform C | R4: Platform D | S4: Platform E | T4: Grand Total | W4: SKU - 3 B | X4: 30662 | AA4: Row Labels | AB4: 22 | AC4: 23 | AD4: 24 | AE4: 25 | AF4: 26 | AG4: 27 | AH4: 28 | AI4: 29 | AJ4: 30 | AK4: 31 | AL4: 32 | AM4: 33 | AN4: 34 | AO4: 35 | AQ4: Platform | AR4: WoW Growth %
A5: 45445 | B5: 5586 | E5: Jul | F5: 245778 | I5: Platform A | J5: 214244 | M5: 45444 | O5: 2491 | P5: 399 | Q5: 888 | S5: 2441 | T5: 6219 | W5: SKU 1 - a | X5: 41398 | AA5: AMAZON NOW F | AC5: #NULL! | AD5: #NULL! | AF5: #NULL! | AG5: #NULL! | AI5: #NULL! | AK5: -0.79726416 | AL5: #NULL! | AM5: #NULL! | AO5: 2.2062277 | AQ5: =AA6 -> Platform A | AR5: =GETPIVOTDATA("[Measures].[Sum of Sales 3]",$AA$3,"[Append32141].[Platform]","[Append32141].[Platform].&[Platform A]","[Append32141].[Weeknum]","[Append32141].[Weeknum].&[35]") -> 0.0044185796
A6: 45446 | B6: 5903 | E6: Aug | F6: 160840 | I6: Platform B | J6: 52282 | M6: 45445 | O6: 2121 | P6: 327 | Q6: 659 | S6: 2479 | T6: 5586 | W6: SKU 1 - b | X6: 72016 | AA6: Platform A | AC6: 5.3026897 | AD6: 0.025541401 | AE6: -0.083783616 | AF6: -0.019929501 | AG6: 0.029464656 | AH6: -0.0032249395 | AI6: 0.074278781 | AJ6: -0.013991718 | AK6: 0.07553293 | AL6: 0.051295705 | AM6: -0.015138725 | AN6: 0.060457143 | AO6: 0.0044185796 | AQ6: =AA7 -> Platform B | AR6: =GETPIVOTDATA("[Measures].[Sum of Sales 3]",$AA$3,"[Append32141].[Platform]","[Append32141].[Platform].&[Platform B]","[Append32141].[Weeknum]","[Append32141].[Weeknum].&[35]") -> 0.049180328
A7: 45447 | B7: 5902 | E7: Grand Total | F7: 563908 | I7: Platform C | J7: 79798 | M7: 45446 | O7: 2237 | P7: 343 | Q7: 760 | S7: 2563 | T7: 5903 | W7: SKU 1 - c | X7: 121320 | AA7: Platform B | AC7: 5.2907268 | AD7: 0.049003984 | AE7: 0.0049373338 | AF7: -0.066137566 | AG7: 0.72885471 | AH7: -0.10463483 | AI7: 0.14143791 | AJ7: 0.15689418 | AK7: -0.085527618 | AL7: -0.027278632 | AM7: 0.13999555 | AN7: -0.059156579 | AO7: 0.049180328 | AQ7: =AA8 -> Platform C | AR7: =GETPIVOTDATA("[Measures].[Sum of Sales 3]",$AA$3,"[Append32141].[Platform]","[Append32141].[Platform].&[Platform C]","[Append32141].[Weeknum]","[Append32141].[Weeknum].&[35]") -> -0.050347747
A8: 45448 | B8: 5912 | I8: Platform D | J8: 58072 | M8: 45447 | O8: 2142 | P8: 377 | Q8: 720 | S8: 2663 | T8: 5902 | W8: SKU 1 - f | X8: 54300 | AA8: Platform C | AC8: 5.4662162 | AD8: 0.13549286 | AE8: -0.10506135 | AF8: -0.13247644 | AG8: 0.18767286 | AH8: 0.051397206 | AI8: -0.048093656 | AJ8: 0.08542463 | AK8: -0.021283111 | AL8: -0.062891114 | AM8: -0.066277129 | AN8: 0.18254962 | AO8: -0.050347747 | AQ8: =AA9 -> Platform D | AR8: =GETPIVOTDATA("[Measures].[Sum of Sales 3]",$AA$3,"[Append32141].[Platform]","[Append32141].[Platform].&[Platform D]","[Append32141].[Weeknum]","[Append32141].[Weeknum].&[35]") -> 2.2062277
A9: 45449 | B9: 6213 | I9: Platform E | J9: 95352 | M9: 45448 | O9: 2102 | P9: 408 | Q9: 802 | S9: 2600 | T9: 5912 | W9: SKU 1 - h | X9: 48004 | AA9: Platform D | AC9: #NULL! | AD9: #NULL! | AE9: #NULL! | AF9: #NULL! | AG9: #NULL! | AI9: 6.4671022 | AJ9: -0.0063742032 | AK9: -0.0071069182 | AL9: #NULL! | AM9: #NULL! | AO9: 2.2062277 | AQ9: =AA10 -> Platform E | AR9: =GETPIVOTDATA("[Measures].[Sum of Sales 3]",$AA$3,"[Append32141].[Platform]","[Append32141].[Platform].&[Platform E]","[Append32141].[Weeknum]","[Append32141].[Weeknum].&[35]") -> -0.72208437
A10: 45450 | B10: 6806 | I10: Grand Total | J10: 563908 | M10: 45449 | O10: 2271 | P10: 335 | Q10: 855 | S10: 2752 | T10: 6213 | W10: SKU 2 - a | X10: 29085 | AA10: Platform E | AC10: 5.6362147 | AD10: #NULL! | AF10: 1.7886179 | AG10: -0.17594752 | AH10: 0.41190518 | AI10: -0.010085823 | AJ10: -0.57214277 | AK10: #NULL! | AL10: #NULL! | AM10: #NULL! | AO10: -0.72208437 | AQ10: =AA5 -> AMAZON NOW F | AR10: =GETPIVOTDATA("[Measures].[Sum of Sales 3]",$AA$3,"[Append32141].[Platform]","[Append32141].[Platform].&[AMAZON NOW F]","[Append32141].[Weeknum]","[Append32141].[Weeknum].&[35]") -> 2.2062277
A11: 45451 | B11: 3829 | M11: 45450 | O11: 2333 | P11: 372 | Q11: 959 | S11: 3142 | T11: 6806 | W11: SKU 2 - B | X11: 56514
A12: 45452 | B12: 3200 | E12: Weekly Sales | M12: 45451 | O12: 2494 | P12: 348 | Q12: 987 | T12: 3829 | W12: SKU 2 - C | X12: 24843
A13: 45453 | B13: 3249 | M13: 45452 | O13: 2047 | P13: 333 | Q13: 820 | T13: 3200 | W13: SKU 2 - D | X13: 54684
A14: 45454 | B14: 3558 | E14: Row Labels | F14: Sum of Sales | I14: KPI | J14: Value | M14: 45453 | O14: 2112 | P14: 282 | Q14: 855 | T14: 3249 | W14: Grand Total | X14: 532826
A15: 45455 | B15: 3635 | E15: 22 | F15: 6219 | I15: Blended Sales – DoD | J15: =GETPIVOTDATA("[Measures].[Sum of Sales]",$A$3,"[Append321].[Date]","[Append321].[Date].&[2024-08-31T00:00:00]") -> 6575 | M15: 45454 | O15: 2274 | P15: 344 | Q15: 940 | T15: 3558
A16: 45456 | B16: 3531 | E16: 23 | F16: 40151 | I16: Blended Sales – WoW | J16: =GETPIVOTDATA("[Measures].[Sum of Sales 2]",$E$14,"[Append3214].[Weeknum]","[Append3214].[Weeknum].&[35]") -> 44331 | M16: 45455 | O16: 2393 | P16: 355 | Q16: 887 | T16: 3635
A17: 45457 | B17: 4062 | E17: 24 | F17: 25254 | I17: Blended Sales – MoM | J17: =GETPIVOTDATA("[Measures].[Sum of Sales]",$E$3,"[Append321].[Date (Month)]","[Append321].[Date (Month)].&[Aug]") -> 160840 | M17: 45456 | O17: 2243 | P17: 369 | Q17: 919 | T17: 3531 | AA17: Growth % – EACH CHANNEL (MoM)
A18: 45458 | B18: 4019 | E18: 25 | F18: 46793 | I18: Growth % blended DoD | J18: =(GETPIVOTDATA("[Measures].[Sum of Sales]",$A$3,"[Append321].[Date]","[Append321].[Date].&[2024-08-31T00:00:00]")-GETPIVOTDATA("[Measures].[Sum of Sales]",$A$3,"[Append321].[Date]","[Append321].[Date].&[2024-08-30T00:00:00]"))/GETPIVOTDATA("[Measures].[Sum of Sales]",$A$3,"[Append321].[Date]","[Append321].[Date].&[2024-08-30T00:00:00]") -> 0.053179561 | M18: 45457 | O18: 2504 | P18: 489 | Q18: 1069 | T18: 4062
A19: 45459 | B19: 5805 | E19: 26 | F19: 35711 | I19: Growth % blended WoW | J19: =(GETPIVOTDATA("[Measures].[Sum of Sales 2]",$E$14,"[Append3214].[Weeknum]","[Append3214].[Weeknum].&[35]")-GETPIVOTDATA("[Measures].[Sum of Sales 2]",$E$14,"[Append3214].[Weeknum]","[Append3214].[Weeknum].&[34]"))/GETPIVOTDATA("[Measures].[Sum of Sales 2]",$E$14,"[Append3214].[Weeknum]","[Append3214].[Weeknum].&[34]") -> 0.098471145 | M19: 45458 | O19: 2528 | P19: 461 | Q19: 1030 | T19: 4019 | AA19: Sum of Sales2 | AB19: Column Labels
A20: 45460 | B20: 5741 | E20: 27 | F20: 36474 | I20: Growth % blended MoM | J20: =(GETPIVOTDATA("[Measures].[Sum of Sales]",$E$3,"[Append321].[Date (Month)]","[Append321].[Date (Month)].&[Aug]")-GETPIVOTDATA("[Measures].[Sum of Sales]",$E$3,"[Append321].[Date (Month)]","[Append321].[Date (Month)].&[Jul]"))/GETPIVOTDATA("[Measures].[Sum of Sales]",$E$3,"[Append321].[Date (Month)]","[Append321].[Date (Month)].&[Jul]") -> -0.3455883 | M20: 45459 | N20: 2441 | O20: 2129 | P20: 421 | Q20: 814 | T20: 5805 | AA20: Row Labels | AB20: Jun | AC20: Jul | AD20: Aug | AJ20: Platform | AK20: MoM Growth %
A21: 45461 | B21: 5933 | E21: 28 | F21: 61728 | M21: 45460 | N21: 2479 | O21: 1975 | P21: 392 | Q21: 895 | T21: 5741 | AA21: AMAZON NOW F | AC21: 1 | AD21: -0.77896996 | AJ21: =AA22 -> Platform A | AK21: =GETPIVOTDATA("[Measures].[Sum of Sales 3]",$AA$19,"[Append32141].[Platform]","[Append32141].[Platform].&[Platform A]","[Append32141].[Date (Month)]","[Append32141].[Date (Month)].&[Aug]") -> 0.17650588
A22: 45462 | B22: 5900 | E22: 29 | F22: 58125 | M22: 45461 | N22: 2563 | O22: 2150 | P22: 420 | Q22: 800 | T22: 5933 | AA22: Platform A | AC22: 0.042934111 | AD22: 0.17650588 | AJ22: =AA23 -> Platform B | AK22: =GETPIVOTDATA("[Measures].[Sum of Sales 3]",$AA$19,"[Append32141].[Platform]","[Append32141].[Platform].&[Platform B]","[Append32141].[Date (Month)]","[Append32141].[Date (Month)].&[Aug]") -> 0.10679761
A23: 45463 | B23: 5680 | E23: 30 | F23: 65456 | M23: 45462 | N23: 2663 | O23: 2064 | P23: 351 | Q23: 822 | T23: 5900 | AA23: Platform B | AC23: 0.76262171 | AD23: 0.10679761 | AJ23: =AA24 -> Platform C | AK23: =GETPIVOTDATA("[Measures].[Sum of Sales 3]",$AA$19,"[Append32141].[Platform]","[Append32141].[Platform].&[Platform C]","[Append32141].[Date (Month)]","[Append32141].[Date (Month)].&[Aug]") -> -0.013892898
A24: 45464 | B24: 8562 | E24: 31 | F24: 46842 | M24: 45463 | N24: 2600 | O24: 1988 | P24: 316 | Q24: 776 | T24: 5680 | AA24: Platform C | AC24: 0.11926976 | AD24: -0.013892898 | AJ24: =AA25 -> Platform D | AK24: =GETPIVOTDATA("[Measures].[Sum of Sales 3]",$AA$19,"[Append32141].[Platform]","[Append32141].[Platform].&[Platform D]","[Append32141].[Date (Month)]","[Append32141].[Date (Month)].&[Aug]") -> -0.65171461
A25: 45465 | B25: 9172 | E25: 32 | F25: 28252 | M25: 45464 | N25: 2752 | O25: 2159 | P25: 363 | Q25: 847 | S25: 2441 | T25: 8562 | AA25: Platform D | AD25: -0.65171461 | AJ25: =AA26 -> Platform E | AK25: =GETPIVOTDATA("[Measures].[Sum of Sales 3]",$AA$19,"[Append32141].[Platform]","[Append32141].[Platform].&[Platform E]","[Append32141].[Date (Month)]","[Append32141].[Date (Month)].&[Aug]") -> -0.83464441
A26: 45466 | B26: 5456 | E26: 33 | F26: 28215 | M26: 45465 | N26: 3142 | O26: 2287 | P26: 383 | Q26: 881 | S26: 2479 | T26: 9172 | AA26: Platform E | AC26: 0.33669528 | AD26: -0.83464441 | AJ26: =AA21 -> AMAZON NOW F | AK26: =GETPIVOTDATA("[Measures].[Sum of Sales 3]",$AA$19,"[Append32141].[Platform]","[Append32141].[Platform].&[AMAZON NOW F]","[Append32141].[Date (Month)]","[Append32141].[Date (Month)].&[Aug]") -> -0.77896996
A27: 45467 | B27: 5727 | E27: 34 | F27: 40357 | M27: 45466 | O27: 1873 | P27: 310 | Q27: 710 | S27: 2563 | T27: 5456
A28: 45468 | B28: 5684 | E28: 35 | F28: 44331 | M28: 45467 | O28: 1994 | P28: 349 | Q28: 721 | S28: 2663 | T28: 5727
A29: 45469 | B29: 5846 | E29: Grand Total | F29: 563908 | M29: 45468 | O29: 2062 | P29: 317 | Q29: 705 | S29: 2600 | T29: 5684
A30: 45470 | B30: 6208 | M30: 45469 | O30: 2063 | P30: 347 | Q30: 684 | S30: 2752 | T30: 5846
A31: 45471 | B31: 3323 | M31: 45470 | O31: 2019 | P31: 330 | Q31: 717 | S31: 3142 | T31: 6208
A32: 45472 | B32: 3467 | M32: 45471 | O32: 2239 | P32: 375 | Q32: 709 | T32: 3323
A33: 45473 | B33: 3162 | M33: 45472 | O33: 2208 | P33: 443 | Q33: 816 | T33: 3467
A34: 45474 | B34: 3428 | M34: 45473 | O34: 2017 | P34: 433 | Q34: 712 | T34: 3162
A35: 45475 | B35: 5935 | M35: 45474 | O35: 2084 | P35: 527 | Q35: 817 | T35: 3428
A36: 45476 | B36: 5789 | M36: 45475 | O36: 2188 | P36: 727 | Q36: 877 | S36: 2143 | T36: 5935
A37: 45477 | B37: 5814 | M37: 45476 | O37: 2175 | P37: 607 | Q37: 767 | S37: 2240 | T37: 5789
A38: 45478 | B38: 6123 | M38: 45477 | O38: 2024 | P38: 642 | Q38: 826 | S38: 2322 | T38: 5814
A39: 45479 | B39: 6223 | M39: 45478 | O39: 2143 | P39: 565 | Q39: 917 | S39: 2498 | T39: 6123
A40: 45480 | B40: 7951 | M40: 45479 | O40: 2253 | P40: 771 | Q40: 1096 | S40: 2103 | T40: 6223
A41: 45481 | B41: 7919 | M41: 45480 | N41: 2441 | O41: 1876 | P41: 521 | Q41: 916 | S41: 2197 | T41: 7951
A42: 45482 | B42: 8327 | M42: 45481 | N42: 2479 | O42: 1880 | P42: 595 | Q42: 850 | S42: 2115 | T42: 7919
A43: 45483 | B43: 8324 | M43: 45482 | N43: 2563 | O43: 1877 | P43: 577 | Q43: 783 | S43: 2527 | T43: 8327
A44: 45484 | B44: 8606 | M44: 45483 | N44: 2663 | O44: 2143 | P44: 467 | Q44: 905 | S44: 2146 | T44: 8324
A45: 45485 | B45: 9043 | M45: 45484 | N45: 2600 | O45: 2240 | P45: 532 | Q45: 827 | S45: 2407 | T45: 8606
A46: 45486 | B46: 11558 | M46: 45485 | N46: 2752 | O46: 2322 | P46: 558 | Q46: 968 | S46: 2443 | T46: 9043
A47: 45487 | B47: 7969 | M47: 45486 | N47: 3142 | O47: 2498 | P47: 575 | Q47: 1072 | R47: 2143 | S47: 2128 | T47: 11558
A48: 45488 | B48: 8107 | M48: 45487 | O48: 2103 | P48: 467 | Q48: 863 | R48: 2240 | S48: 2296 | T48: 7969
A49: 45489 | B49: 8226 | M49: 45488 | O49: 2197 | P49: 567 | Q49: 887 | R49: 2322 | S49: 2134 | T49: 8107
A50: 45490 | B50: 8027 | M50: 45489 | O50: 2115 | P50: 504 | Q50: 763 | R50: 2498 | S50: 2346 | T50: 8226
A51: 45491 | B51: 7937 | M51: 45490 | O51: 2527 | P51: 498 | Q51: 826 | R51: 2103 | S51: 2073 | T51: 8027
A52: 45492 | B52: 8599 | M52: 45491 | O52: 2146 | P52: 491 | Q52: 747 | R52: 2197 | S52: 2356 | T52: 7937
A53: 45493 | B53: 9260 | M53: 45492 | O53: 2407 | P53: 825 | Q53: 870 | R53: 2115 | S53: 2382 | T53: 8599
A54: 45494 | B54: 7750 | M54: 45493 | O54: 2443 | P54: 1014 | Q54: 1061 | R54: 2527 | S54: 2215 | T54: 9260
A55: 45495 | B55: 10727 | M55: 45494 | O55: 2128 | P55: 440 | Q55: 819 | R55: 2146 | S55: 2217 | T55: 7750
A56: 45496 | B56: 11204 | M56: 45495 | N56: 2441 | O56: 2296 | P56: 481 | Q56: 914 | R56: 2407 | S56: 2188 | T56: 10727
A57: 45497 | B57: 8794 | M57: 45496 | N57: 2479 | O57: 2134 | P57: 820 | Q57: 972 | R57: 2443 | S57: 2356 | T57: 11204
A58: 45498 | B58: 8396 | M58: 45497 | N58: 2563 | O58: 2346 | P58: 767 | Q58: 990 | R58: 2128 | T58: 8794
A59: 45499 | B59: 9310 | M59: 45498 | N59: 2663 | O59: 2073 | P59: 506 | Q59: 858 | R59: 2296 | T59: 8396
A60: 45500 | B60: 9275 | M60: 45499 | N60: 2600 | O60: 2356 | P60: 1256 | Q60: 964 | R60: 2134 | T60: 9310
A61: 45501 | B61: 8817 | M61: 45500 | N61: 2752 | O61: 2382 | P61: 781 | Q61: 1014 | R61: 2346 | T61: 9275
A62: 45502 | B62: 5977 | M62: 45501 | N62: 3142 | O62: 2215 | P62: 547 | Q62: 840 | R62: 2073 | T62: 8817
A63: 45503 | B63: 6172 | M63: 45502 | O63: 2217 | P63: 579 | Q63: 825 | R63: 2356 | T63: 5977
A64: 45504 | B64: 6191 | M64: 45503 | O64: 2188 | P64: 710 | Q64: 892 | R64: 2382 | T64: 6172
A65: 45505 | B65: 6064 | M65: 45504 | O65: 2356 | P65: 634 | Q65: 986 | R65: 2215 | T65: 6191
A66: 45506 | B66: 6494 | M66: 45505 | O66: 2322 | P66: 680 | Q66: 845 | R66: 2217 | T66: 6064
A67: 45507 | B67: 7127 | M67: 45506 | O67: 2607 | P67: 738 | Q67: 961 | R67: 2188 | T67: 6494
A68: 45508 | B68: 3978 | M68: 45507 | O68: 2997 | P68: 731 | Q68: 1043 | R68: 2356 | T68: 7127
A69: 45509 | B69: 4228 | M69: 45508 | O69: 2496 | P69: 669 | Q69: 813 | T69: 3978
A70: 45510 | B70: 3964 | M70: 45509 | O70: 2603 | P70: 722 | Q70: 903 | T70: 4228
A71: 45511 | B71: 4170 | M71: 45510 | O71: 2504 | P71: 599 | Q71: 861 | T71: 3964
A72: 45512 | B72: 3829 | M72: 45511 | O72: 2657 | P72: 664 | Q72: 849 | T72: 4170
A73: 45513 | B73: 3534 | M73: 45512 | O73: 2400 | P73: 601 | Q73: 828 | T73: 3829
A74: 45514 | B74: 4549 | M74: 45513 | O74: 2156 | P74: 540 | Q74: 838 | T74: 3534
A75: 45515 | B75: 3684 | M75: 45514 | O75: 2953 | P75: 698 | Q75: 898 | T75: 4549
A76: 45516 | B76: 3903 | M76: 45515 | O76: 2372 | P76: 586 | Q76: 726 | T76: 3684
A77: 45517 | B77: 3941 | M77: 45516 | O77: 2492 | P77: 613 | Q77: 798 | T77: 3903
A78: 45518 | B78: 4203 | M78: 45517 | O78: 2422 | P78: 637 | Q78: 882 | T78: 3941
A79: 45519 | B79: 4497 | M79: 45518 | O79: 2517 | P79: 809 | Q79: 877 | T79: 4203
A80: 45520 | B80: 3912 | M80: 45519 | O80: 2679 | P80: 966 | Q80: 852 | T80: 4497
... A82: 45522 | B82: 4834 | M82: 45521 | O82: 2602 | P82: 760 | Q82: 713 | T82: 4075
A83: 45523 | B83: 5234 | M83: 45522 | O83: 2407 | P83: 650 | Q83: 819 | S83: 958 | T83: 4834
A84: 45524 | B84: 5161 | M84: 45523 | O84: 2521 | P84: 717 | Q84: 995 | S84: 1001 | T84: 5234
A85: 45525 | B85: 5290 | M85: 45524 | O85: 2612 | P85: 729 | Q85: 944 | S85: 876 | T85: 5161
A86: 45526 | B86: 5069 | M86: 45525 | O86: 2734 | P86: 670 | Q86: 1001 | S86: 885 | T86: 5290
A87: 45527 | B87: 7203 | M87: 45526 | O87: 2541 | P87: 693 | Q87: 896 | S87: 939 | T87: 5069
A88: 45528 | B88: 7566 | M88: 45527 | N88: 958 | O88: 2748 | P88: 659 | Q88: 958 | R88: 958 | S88: 922 | T88: 7203
A89: 45529 | B89: 6601 | M89: 45528 | N89: 1001 | O89: 2995 | P89: 701 | Q89: 1001 | R89: 1001 | S89: 867 | T89: 7566
A90: 45530 | B90: 6743 | M90: 45529 | N90: 876 | O90: 2441 | P90: 628 | Q90: 876 | R90: 876 | S90: 904 | T90: 6601
A91: 45531 | B91: 6064 | M91: 45530 | N91: 885 | O91: 2479 | P91: 721 | Q91: 885 | R91: 885 | S91: 888 | T91: 6743
A92: 45532 | B92: 6125 | M92: 45531 | N92: 939 | O92: 2563 | P92: 684 | Q92: 939 | R92: 939 | T92: 6064
A93: 45533 | B93: 5980 | M93: 45532 | N93: 922 | O93: 2663 | P93: 696 | Q93: 922 | R93: 922 | T93: 6125
A94: 45534 | B94: 6243 | M94: 45533 | N94: 867 | O94: 2600 | P94: 779 | Q94: 867 | R94: 867 | T94: 5980
A95: 45535 | B95: 6575 | M95: 45534 | N95: 904 | O95: 2752 | P95: 779 | Q95: 904 | R95: 904 | T95: 6243
A96: Grand Total | B96: 563908 | M96: 45535 | N96: 888 | O96: 3142 | P96: 769 | Q96: 888 | R96: 888 | T96: 6575
M97: Grand Total | N97: 64160 | O97: 214244 | P97: 52282 | Q97: 79798 | R97: 58072 | S97: 95352 | T97: 563908
M101: Sum of Sales | N101: Column Labels
M102: Row Labels | N102: AMAZON NOW F | O102: Platform A | P102: Platform B | Q102: Platform C | R102: Platform D | S102: Platform E | T102: Grand Total
M103: 22 | O103: 2491 | P103: 399 | Q103: 888 | S103: 2441 | T103: 6219
M104: 23 | O104: 15700 | P104: 2510 | Q104: 5742 | S104: 16199 | T104: 40151
M105: 24 | O105: 16101 | P105: 2633 | Q105: 6520 | T105: 25254
...
